[
  {"id": 1, "name": "Acura"},
  {"id": 2, "name": "Audi"},
  {"id": 3, "name": "BMW"},
  {"id": 4, "name": "Buick"},
  {"id": 5, "name": "Cadillac"},
  {"id": 6, "name": "Chevrolet"},
  {"id": 7, "name": "Chrysler"},
  {"id": 8, "name": "Citroen"},
  {"id": 9, "name": "Dodge"},
  {"id": 10, "name": "Eagle"},
  {"id": 11, "name": "Ferrari"},
  {"id": 12, "name": "Ford"},
  {"id": 13, "name": "General Motors"},
  {"id": 14, "name": "GMC"},
  {"id": 15, "name": "Honda"},
  {"id": 16, "name": "Hummer"},
  {"id": 17, "name": "Hyundai"},
  {"id": 18, "name": "Infiniti"},
  {"id": 19, "name": "Isuzu"},
  {"id": 20, "name": "Jaguar"},
  {"id": 21, "name": "Jeep"},
  {"id": 22, "name": "Kia"},
  {"id": 23, "name": "Lamborghini"},
  {"id": 24, "name": "Land Rover"},
  {"id": 25, "name": "Lexus"},
  {"id": 26, "name": "Lincoln"},
  {"id": 27, "name": "Lotus"},
  {"id": 28, "name": "Mazda"},
  {"id": 29, "name": "Mercedes-Benz"},
  {"id": 30, "name": "Mercury"},
  {"id": 31, "name": "Mitsubishi"},
  {"id": 32, "name": "Nissan"},
  {"id": 33, "name": "Oldsmobile"},
  {"id": 34, "name": "Peugeot"},
  {"id": 35, "name": "Pontiac"},
  {"id": 36, "name": "Porsche"},
  {"id": 37, "name": "Regal"},
  {"id": 38, "name": "Renault"},
  {"id": 39, "name": "Saab"},
  {"id": 40, "name": "Saturn"},
  {"id": 41, "name": "Seat"},
  {"id": 42, "name": "Skoda"},
  {"id": 43, "name": "Subaru"},
  {"id": 44, "name": "Suzuki"},
  {"id": 45, "name": "Toyota"},
  {"id": 46, "name": "Volkswagen"},
  {"id": 47, "name": "Volvo"}
]