-- phpMyAdmin SQL Dump
-- version 5.2.1
-- https://www.phpmyadmin.net/
--
-- Host: 127.0.0.1
-- Generation Time: Aug 03, 2025 at 05:39 PM
-- Server version: 10.4.32-MariaDB
-- PHP Version: 8.2.12

SET SQL_MODE = "NO_AUTO_VALUE_ON_ZERO";
START TRANSACTION;
SET time_zone = "+00:00";


/*!40101 SET @OLD_CHARACTER_SET_CLIENT=@@CHARACTER_SET_CLIENT */;
/*!40101 SET @OLD_CHARACTER_SET_RESULTS=@@CHARACTER_SET_RESULTS */;
/*!40101 SET @OLD_COLLATION_CONNECTION=@@COLLATION_CONNECTION */;
/*!40101 SET NAMES utf8mb4 */;

--
-- Database: `indo_impex_laravel`
--

-- --------------------------------------------------------

--
-- Table structure for table `bag_images`
--

CREATE TABLE `bag_images` (
  `id` int(11) NOT NULL,
  `bag_variant_id` int(11) NOT NULL,
  `images` varchar(255) NOT NULL
) ENGINE=InnoDB DEFAULT CHARSET=utf8mb4 COLLATE=utf8mb4_general_ci;

--
-- Dumping data for table `bag_images`
--

INSERT INTO `bag_images` (`id`, `bag_variant_id`, `images`) VALUES
(1, 1, '885099482-product5.jpg'),
(2, 1, '1854502478-product6.jpg'),
(3, 2, '1939914869-product11.jpg'),
(4, 2, '587038789-product12.jpg'),
(5, 3, '261410529-product8.jpg'),
(6, 3, '1514858199-product28.jpg'),
(7, 4, '1287901939-product25.jpg'),
(8, 4, '1303210382-product26.jpg'),
(9, 5, '797150251-product13.jpg'),
(10, 5, '2082148665-product14.jpg'),
(11, 5, '1691603203-product17.jpg');

-- --------------------------------------------------------

--
-- Table structure for table `bag_sizes`
--

CREATE TABLE `bag_sizes` (
  `id` int(11) NOT NULL,
  `shopping_bad_id` int(11) NOT NULL,
  `size` varchar(50) NOT NULL
) ENGINE=InnoDB DEFAULT CHARSET=utf8mb4 COLLATE=utf8mb4_general_ci;

--
-- Dumping data for table `bag_sizes`
--

INSERT INTO `bag_sizes` (`id`, `shopping_bad_id`, `size`) VALUES
(1, 1, 'S'),
(2, 1, 'M'),
(3, 1, 'L');

-- --------------------------------------------------------

--
-- Table structure for table `bag_variants`
--

CREATE TABLE `bag_variants` (
  `id` int(11) NOT NULL,
  `shopping_bad_id` int(11) NOT NULL,
  `bag_size_id` int(11) NOT NULL,
  `color` varchar(50) NOT NULL,
  `quantity` int(11) NOT NULL
) ENGINE=InnoDB DEFAULT CHARSET=utf8mb4 COLLATE=utf8mb4_general_ci;

--
-- Dumping data for table `bag_variants`
--

INSERT INTO `bag_variants` (`id`, `shopping_bad_id`, `bag_size_id`, `color`, `quantity`) VALUES
(1, 1, 1, 'red', 5),
(2, 1, 1, 'blue', 3),
(3, 1, 2, 'orange', 2),
(4, 1, 3, 'white', 3),
(5, 1, 3, 'black', 5);

-- --------------------------------------------------------

--
-- Table structure for table `bopp`
--

CREATE TABLE `bopp` (
  `id` int(11) NOT NULL,
  `item_code` varchar(50) NOT NULL,
  `bopp_size` varchar(50) NOT NULL,
  `bopp_category` varchar(50) NOT NULL,
  `bopp_micron` varchar(50) NOT NULL,
  `bopp_party_name` varchar(50) NOT NULL,
  `created_at` timestamp NULL DEFAULT NULL,
  `updated_at` timestamp NOT NULL DEFAULT current_timestamp(),
  `submit_date` timestamp NULL DEFAULT NULL
) ENGINE=InnoDB DEFAULT CHARSET=utf8mb4 COLLATE=utf8mb4_general_ci;

--
-- Dumping data for table `bopp`
--

INSERT INTO `bopp` (`id`, `item_code`, `bopp_size`, `bopp_category`, `bopp_micron`, `bopp_party_name`, `created_at`, `updated_at`, `submit_date`) VALUES
(1, 'G1030/15', '1030', 'G', '15', 'opening stock ', '2021-03-25 01:36:05', '2025-07-23 07:14:51', '2021-03-16 07:00:00'),
(2, 'G1030/15', '1030', 'G', '15', 'opening stock ', '2021-04-26 22:49:58', '2025-07-23 07:14:51', '2021-03-16 07:00:00'),
(3, 'g1030/15', '1030', 'G', '15', 'Opening Stock', '2021-04-26 23:15:50', '2025-07-23 07:14:51', '2021-03-16 07:00:00'),
(4, 'm610/15', '610', 'M', '15', 'Opening Stock', '2021-04-26 23:20:03', '2025-07-23 07:14:51', '2021-03-16 07:00:00'),
(5, 'g660/15', '660', 'G', '15', 'Opening Stock', '2021-04-26 23:20:49', '2025-07-23 07:14:51', '0000-00-00 00:00:00'),
(6, 'me660/15', '660', 'ME', '15', 'Opening Stock', '2021-04-26 23:28:33', '2025-07-23 07:14:51', '2021-03-16 07:00:00'),
(7, 'me735/18', '735', 'ME', '18', 'Opening Stock', '2021-04-26 23:30:39', '2025-07-23 07:14:51', '2021-03-16 07:00:00'),
(8, 'me610/15', '610', 'ME', '15', 'Opening Stock', '2021-04-26 23:37:56', '2025-07-23 07:14:51', '2021-03-16 07:00:00'),
(9, 'm830/15', '830', 'M', '15', 'Opening Stock', '2021-04-26 23:38:44', '2025-07-23 07:14:51', '2021-03-16 07:00:00'),
(10, 'm650/15', '650', 'M', '15', 'Opening Stock', '2021-04-26 23:39:23', '2025-07-23 07:14:51', '2021-03-16 07:00:00'),
(11, 'me760/18', '760', 'ME', '18', 'Opening Stock', '2021-04-26 23:40:22', '2025-07-23 07:14:51', '2021-03-16 07:00:00'),
(12, 'me580/18', '580', 'ME', '18', 'Opening Stock', '2021-04-26 23:41:14', '2025-07-23 07:14:51', '2021-03-16 07:00:00'),
(13, 'm830/15', '830', 'M', '15', 'Opening Stock', '2021-04-26 23:42:10', '2025-07-23 07:14:51', '0000-00-00 00:00:00'),
(14, 'm895/15', '895', 'M', '15', 'Opening Stock', '2021-04-26 23:49:25', '2025-07-23 07:14:51', '2021-03-16 07:00:00'),
(15, 'me610/18', '610', 'ME', '18', 'Opening Stock', '2021-04-26 23:50:33', '2025-07-23 07:14:51', '2021-03-16 07:00:00'),
(16, 'm660/15', '660', 'M', '15', 'Opening Stock', '2021-04-26 23:51:15', '2025-07-23 07:14:51', '2021-03-16 07:00:00'),
(17, 'g760/15', '760', 'G', '15', 'Opening Stock', '2021-04-26 23:52:17', '2025-07-23 07:14:51', '2021-03-16 07:00:00'),
(18, 'm970/15', '970', 'M', '15', 'Opening Stock', '2021-04-26 23:53:14', '2025-07-23 07:14:51', '2021-03-16 07:00:00'),
(19, 'm510/12', '510', 'M', '12', 'Opening Stock', '2021-04-26 23:54:14', '2025-07-23 07:14:51', '2021-03-16 07:00:00'),
(20, 'g940/15', '940', 'G', '15', 'Opening Stock', '2021-04-26 23:56:00', '2025-07-23 07:14:51', '2021-03-16 07:00:00'),
(21, 'g940/15', '940', 'G', '15', 'Opening Stock', '2021-04-27 00:00:40', '2025-07-23 07:14:51', '2021-03-16 07:00:00'),
(22, 'g740/15', '740', 'G', '15', 'Opening Stock', '2021-04-27 00:01:49', '2025-07-23 07:14:51', '2021-03-16 07:00:00'),
(23, 'g970/15', '970', 'G', '15', 'Opening Stock', '2021-04-27 00:02:31', '2025-07-23 07:14:51', '2021-03-16 07:00:00'),
(24, 'g810/15', '810', 'G', '15', 'Opening Stock', '2021-04-27 00:03:13', '2025-07-23 07:14:51', '2021-03-16 07:00:00'),
(25, 'me1010/15', '1010', 'ME', '15', 'Opening Stock', '2021-04-27 00:04:04', '2025-07-23 07:14:51', '2021-03-16 07:00:00'),
(26, 'me670/15', '670', 'ME', '15', 'Opening Stock', '2021-04-27 00:04:50', '2025-07-23 07:14:51', '2021-03-16 07:00:00'),
(27, 'me1030/15', '1030', 'ME', '15', 'Opening Stock', '2021-04-27 00:05:39', '2025-07-23 07:14:51', '2021-03-16 07:00:00'),
(28, 'g630/15', '630', 'G', '15', 'Opening Stock', '2021-04-27 00:08:56', '2025-07-23 07:14:51', '2021-03-16 07:00:00'),
(29, 'm760/15', '760', 'M', '15', 'Opening Stock', '2021-04-27 00:09:53', '2025-07-23 07:14:51', '2021-03-16 07:00:00'),
(30, 'm510/12', '510', 'M', '12', 'Opening Stock', '2021-04-27 00:13:33', '2025-07-23 07:14:51', '2021-03-16 07:00:00'),
(31, 'g520/15', '520', 'G', '15', 'Opening Stock', '2021-04-27 00:14:17', '2025-07-23 07:14:51', '2021-03-16 07:00:00'),
(32, 'm830/15', '830', 'M', '15', 'Opening Stock', '2021-04-27 00:14:58', '2025-07-23 07:14:51', '2021-03-16 07:00:00'),
(33, 'm1150/15', '1150', 'M', '15', 'Opening Stock', '2021-04-27 00:15:47', '2025-07-23 07:14:51', '2021-03-16 07:00:00'),
(34, 'me730/18', '730', 'ME', '18', 'Opening Stock', '2021-04-27 00:16:26', '2025-07-23 07:14:51', '2021-03-16 07:00:00'),
(35, 'm610/15', '610', 'M', '15', 'Opening Stock', '2021-04-27 00:17:53', '2025-07-23 07:14:51', '2021-03-17 07:00:00'),
(36, 'm1030/15', '1030', 'M', '15', 'Opening Stock', '2021-04-27 00:18:36', '2025-07-23 07:14:51', '2021-03-17 07:00:00'),
(37, 'm1030/15', '1030', 'M', '15', 'Opening Stock', '2021-04-27 00:19:13', '2025-07-23 07:14:51', '2021-03-17 07:00:00'),
(38, 'm1030/15', '1030', 'M', '15', 'Opening Stock', '2021-04-27 00:19:49', '2025-07-23 07:14:51', '2021-03-17 07:00:00'),
(39, 'me510/15', '510', 'ME', '15', 'Opening Stock', '2021-04-27 00:20:54', '2025-07-23 07:14:51', '2021-03-17 07:00:00'),
(40, 'm920/15', '920', 'M', '15', 'Opening Stock', '2021-04-27 00:23:32', '2025-07-23 07:14:51', '2021-03-17 07:00:00'),
(41, 'me760/15', '760', 'ME', '15', 'Opening Stock', '2021-04-27 00:24:12', '2025-07-23 07:14:51', '2021-03-17 07:00:00'),
(42, 'me870/18', '870', 'ME', '18', 'Opening Stock', '2021-04-27 00:24:50', '2025-07-23 07:14:51', '2021-03-17 07:00:00'),
(43, 'm575/15', '575', 'M', '15', 'Opening Stock', '2021-04-27 00:25:53', '2025-07-23 07:14:51', '2021-03-17 07:00:00'),
(44, 'm575/15', '575', 'M', '15', 'Opening Stock', '2021-04-27 00:29:47', '2025-07-23 07:14:51', '2021-03-17 07:00:00'),
(45, 'm575/15', '575', 'M', '15', 'Opening Stock', '2021-04-27 00:30:47', '2025-07-23 07:14:51', '2021-03-17 07:00:00'),
(46, 'm575/15', '575', 'M', '15', 'Opening Stock', '2021-04-27 00:31:32', '2025-07-23 07:14:51', '2021-03-17 07:00:00'),
(47, 'm575/15', '575', 'M', '15', 'Opening Stock', '2021-04-27 00:32:19', '2025-07-23 07:14:51', '2021-03-17 07:00:00'),
(48, 'g610/15', '610', 'G', '15', 'Opening Stock', '2021-04-27 00:33:22', '2025-07-23 07:14:51', '2021-03-17 07:00:00'),
(49, 'g685/15', '685', 'G', '15', 'Opening Stock', '2021-04-27 00:34:05', '2025-07-23 07:14:51', '2021-03-17 07:00:00'),
(50, 'me860/15', '860', 'ME', '15', 'Opening Stock', '2021-04-27 00:34:50', '2025-07-23 07:14:51', '2021-03-17 07:00:00'),
(51, 'g940/15', '940', 'G', '15', 'Opening Stock', '2021-04-27 00:35:34', '2025-07-23 07:14:51', '2021-03-17 07:00:00'),
(52, 'me860/15', '860', 'ME', '15', 'Opening Stock', '2021-04-27 00:36:15', '2025-07-23 07:14:51', '2021-03-17 07:00:00'),
(53, 'g1065/15', '1065', 'G', '15', 'Opening Stock', '2021-04-27 00:37:16', '2025-07-23 07:14:51', '2021-03-17 07:00:00'),
(54, 'm1030/15', '1030', 'M', '15', 'Opening Stock', '2021-04-27 00:38:10', '2025-07-23 07:14:51', '2021-03-17 07:00:00'),
(55, 'g1065/15', '1065', 'G', '15', 'Opening Stock', '2021-04-27 00:38:50', '2025-07-23 07:14:51', '2021-03-17 07:00:00'),
(56, 'me1030/15', '1030', 'ME', '15', 'Opening Stock', '2021-04-27 00:39:23', '2025-07-23 07:14:51', '2021-03-17 07:00:00'),
(57, 'g1065/15', '1065', 'G', '15', 'Opening Stock', '2021-04-27 21:45:11', '2025-07-23 07:14:51', '2021-03-17 07:00:00'),
(58, 'm560/15', '560', 'M', '15', 'Opening Stock', '2021-04-27 21:46:13', '2025-07-23 07:14:51', '2021-03-17 07:00:00'),
(59, 'g1030/12', '1030', 'G', '12', 'Opening Stock', '2021-04-27 21:47:05', '2025-07-23 07:14:51', '2021-03-17 07:00:00'),
(60, 'me870/15', '870', 'ME', '15', 'Opening Stock', '2021-04-27 21:48:03', '2025-07-23 07:14:51', '2021-03-17 07:00:00'),
(61, 'me940/18', '940', 'ME', '18', 'Opening Stock', '2021-04-27 21:48:44', '2025-07-23 07:14:51', '2021-03-17 07:00:00'),
(62, 'me1030/15', '1030', 'ME', '15', 'Opening Stock', '2021-04-27 21:50:04', '2025-07-23 07:14:51', '2021-03-22 07:00:00'),
(63, 'g1065/15', '1065', 'G', '15', 'Opening Stock', '2021-04-27 21:52:19', '2025-07-23 07:14:51', '2021-03-22 07:00:00'),
(64, 'g520/15', '520', 'G', '15', 'Opening Stock', '2021-04-27 22:02:19', '2025-07-23 07:14:51', '2021-03-22 07:00:00'),
(65, 'm1030/15', '1030', 'M', '15', 'Opening Stock', '2021-04-27 22:03:48', '2025-07-23 07:14:51', '2021-03-22 07:00:00'),
(66, 'm1060/15', '1060', 'M', '15', 'Opening Stock', '2021-04-27 22:05:11', '2025-07-23 07:14:51', '2021-03-22 07:00:00'),
(67, 'me580/18', '580', 'ME', '18', 'Opening Stock', '2021-04-27 22:06:32', '2025-07-23 07:14:51', '2021-03-22 07:00:00'),
(68, 'm575/15', '575', 'M', '15', 'Opening Stock', '2021-04-27 22:07:42', '2025-07-23 07:14:51', '2021-03-22 07:00:00'),
(69, 'm1150/12', '1150', 'M', '12', 'Opening Stock', '2021-04-27 22:25:57', '2025-07-23 07:14:51', '2021-03-22 07:00:00'),
(70, 'g520/15', '520', 'G', '15', 'Opening Stock', '2021-04-27 22:27:33', '2025-07-23 07:14:51', '2021-03-22 07:00:00'),
(71, 'm520/15', '520', 'M', '15', 'Opening Stock', '2021-04-27 22:28:13', '2025-07-23 07:14:51', '2021-03-22 07:00:00'),
(72, 'g520/15', '520', 'G', '15', 'Opening Stock', '2021-04-27 22:28:50', '2025-07-23 07:14:51', '2021-03-22 07:00:00'),
(73, 'g910/15', '910', 'G', '15', 'Opening Stock', '2021-04-27 22:29:27', '2025-07-23 07:14:51', '2021-03-22 07:00:00'),
(74, 'g810/15', '810', 'G', '15', 'Opening Stock', '2021-04-27 22:30:01', '2025-07-23 07:14:51', '2021-03-22 07:00:00'),
(75, 'm910/18', '910', 'M', '18', 'Opening Stock', '2021-04-27 22:30:37', '2025-07-23 07:14:51', '2021-03-22 07:00:00'),
(76, 'm1030/15', '1030', 'M', '15', 'Opening Stock', '2021-04-27 22:31:14', '2025-07-23 07:14:51', '2021-03-22 07:00:00'),
(77, 'g1030/15', '1030', 'G', '15', 'Opening Stock', '2021-04-27 22:35:42', '2025-07-23 07:14:51', '2021-03-22 07:00:00'),
(78, 'g1065/15', '1065', 'G', '15', 'Opening Stock', '2021-04-27 22:37:52', '2025-07-23 07:14:51', '2021-03-22 07:00:00'),
(79, 'g1065/15', '1065', 'G', '15', 'Opening Stock', '2021-04-27 22:38:34', '2025-07-23 07:14:51', '2021-03-22 07:00:00'),
(80, 'g1065/15', '1065', 'G', '15', 'Opening Stock', '2021-04-27 22:39:50', '2025-07-23 07:14:51', '2021-03-22 07:00:00'),
(81, 'me820/15', '820', 'ME', '15', 'Opening Stock', '2021-04-27 22:40:31', '2025-07-23 07:14:51', '2021-03-22 07:00:00'),
(82, 'g410/15', '410', 'G', '15', 'Opening Stock', '2021-04-27 22:41:10', '2025-07-23 07:14:51', '2021-03-22 07:00:00'),
(83, 'g410/15', '410', 'G', '15', 'Opening Stock', '2021-04-27 22:41:57', '2025-07-23 07:14:51', '2021-03-22 07:00:00'),
(84, 'g410/15', '410', 'G', '15', 'Opening Stock', '2021-04-27 22:42:47', '2025-07-23 07:14:51', '2021-03-22 07:00:00'),
(85, 'me1030/15', '1030', 'ME', '15', 'Opening Stock', '2021-04-27 22:43:36', '2025-07-23 07:14:51', '2021-03-22 07:00:00'),
(86, 'g590/15', '590', 'G', '15', 'Opening Stock', '2021-04-27 22:44:25', '2025-07-23 07:14:51', '2021-03-22 07:00:00'),
(87, 'me1010/18', '1010', 'ME', '18', 'Opening Stock', '2021-04-27 22:45:12', '2025-07-23 07:14:51', '2021-03-22 07:00:00'),
(88, 'me1010/18', '1010', 'ME', '18', 'Opening Stock', '2021-04-27 22:45:58', '2025-07-23 07:14:51', '2021-03-22 07:00:00'),
(89, 'm1030/15', '1030', 'M', '15', 'Opening Stock', '2021-04-27 22:46:38', '2025-07-23 07:14:51', '2021-03-22 07:00:00'),
(90, 'm1030/15', '1030', 'M', '15', 'Opening Stock', '2021-04-27 22:47:17', '2025-07-23 07:14:51', '2021-03-22 07:00:00'),
(91, 'me820/15', '820', 'ME', '15', 'Opening Stock', '2021-04-27 22:47:58', '2025-07-23 07:14:51', '2021-03-22 07:00:00'),
(92, 'me1010/18', '1010', 'ME', '18', 'Opening Stock', '2021-04-27 22:48:36', '2025-07-23 07:14:51', '2021-03-31 07:00:00'),
(93, 'me1030/15', '1030', 'ME', '15', 'Adi Agropack Pvt Ltd', '2021-05-06 00:59:46', '2025-07-23 07:14:51', '2021-05-05 07:00:00'),
(94, 'me820/15', '820', 'ME', '15', 'Adi Agropack Pvt Ltd', '2021-05-06 01:00:35', '2025-07-23 07:14:51', '2021-05-05 07:00:00'),
(95, 'm810/15', '810', 'M', '15', 'UFLEX', '2021-05-06 01:02:05', '2025-07-23 07:14:51', '2021-05-05 07:00:00'),
(96, 'G710/15', '710', 'G', '15', 'Adi Agropack Pvt Ltd', '2021-05-06 01:03:20', '2025-07-23 07:14:51', '2021-05-05 07:00:00'),
(97, 'g1065/15', '1065', 'G', '15', 'Adi Agropack Pvt Ltd', '2021-05-12 19:33:14', '2025-07-23 07:14:51', '2021-05-11 07:00:00'),
(98, 'g1065/15', '1065', 'G', '15', 'Adi Agropack Pvt Ltd', '2021-05-12 19:34:10', '2025-07-23 07:14:51', '2021-05-11 07:00:00'),
(99, 'g590/15', '590', 'G', '15', 'Adi Agropack Pvt Ltd', '2021-05-12 19:34:48', '2025-07-23 07:14:51', '2021-05-11 07:00:00'),
(100, 'g590/15', '590', 'G', '15', 'Adi Agropack Pvt Ltd', '2021-05-12 19:36:05', '2025-07-23 07:14:51', '2021-05-11 07:00:00'),
(101, 'M1100/15', '1100', 'M', '15', '', '2022-11-22 23:09:16', '2025-07-23 07:14:51', '2022-11-22 07:00:00'),
(102, 'G1020/15', '1020', 'G', '15', 'Sahil Khan New', '2025-07-23 07:15:35', '2025-07-23 07:15:35', '2025-07-23 07:15:35');

-- --------------------------------------------------------

--
-- Table structure for table `bopp_category`
--

CREATE TABLE `bopp_category` (
  `id` int(11) NOT NULL,
  `category_name` varchar(100) NOT NULL,
  `category_value` varchar(50) NOT NULL,
  `created_at` timestamp NULL DEFAULT NULL,
  `updated_at` timestamp NOT NULL DEFAULT current_timestamp()
) ENGINE=InnoDB DEFAULT CHARSET=utf8mb4 COLLATE=utf8mb4_general_ci;

--
-- Dumping data for table `bopp_category`
--

INSERT INTO `bopp_category` (`id`, `category_name`, `category_value`, `created_at`, `updated_at`) VALUES
(1, 'Metal', 'M', '2025-07-03 05:46:11', '2025-07-03 05:45:34'),
(2, 'Metalise', 'Met', '2025-07-03 05:46:02', '2025-07-03 05:45:34'),
(6, 'Galaxy', 'GL', '2025-06-17 07:59:54', '2025-06-17 07:59:54'),
(7, 'Glass', 'G', '2025-07-03 05:46:08', '2025-07-03 05:45:07');

-- --------------------------------------------------------

--
-- Table structure for table `bopp_issue`
--

CREATE TABLE `bopp_issue` (
  `id` int(11) NOT NULL,
  `bopp_roll_id` int(11) NOT NULL,
  `item_code` varchar(50) NOT NULL,
  `job_name` varchar(50) NOT NULL,
  `cut_wastage` varchar(50) NOT NULL,
  `roll_used` varchar(50) NOT NULL,
  `created_at` timestamp NULL DEFAULT NULL,
  `updated_at` timestamp NOT NULL DEFAULT current_timestamp(),
  `submit_date` timestamp NULL DEFAULT NULL
) ENGINE=MyISAM DEFAULT CHARSET=latin1 COLLATE=latin1_swedish_ci;

--
-- Dumping data for table `bopp_issue`
--

INSERT INTO `bopp_issue` (`id`, `bopp_roll_id`, `item_code`, `job_name`, `cut_wastage`, `roll_used`, `created_at`, `updated_at`, `submit_date`) VALUES
(1, 2, 'G1030/15', 'DULHAN009', '10', '1', '2025-07-24 10:48:59', '2025-07-24 10:48:59', '2025-07-24 10:48:59'),
(2, 1, 'G1030/15', 'DULHAN091', '10', '1', '2025-07-24 11:01:58', '2025-07-24 11:01:58', '2025-07-24 11:01:58');

-- --------------------------------------------------------

--
-- Table structure for table `bopp_rolls`
--

CREATE TABLE `bopp_rolls` (
  `id` int(11) NOT NULL,
  `bopp_id` int(11) NOT NULL,
  `item_code` varchar(50) NOT NULL,
  `roll_number` varchar(50) NOT NULL,
  `weight` int(11) NOT NULL,
  `remarks` varchar(200) NOT NULL,
  `created_at` timestamp NULL DEFAULT NULL,
  `updated_at` timestamp NOT NULL DEFAULT current_timestamp()
) ENGINE=InnoDB DEFAULT CHARSET=utf8mb4 COLLATE=utf8mb4_general_ci;

--
-- Dumping data for table `bopp_rolls`
--

INSERT INTO `bopp_rolls` (`id`, `bopp_id`, `item_code`, `roll_number`, `weight`, `remarks`, `created_at`, `updated_at`) VALUES
(1, 1, 'G1030/15', '16032101', 74, '', '2021-03-25 01:36:05', '2025-07-23 05:47:21'),
(2, 2, 'G1030/15', '16032101', 74, '', '2021-04-26 22:49:58', '2025-07-23 05:47:21'),
(3, 3, 'g1030/15', '16032102', 45, '', '2021-04-26 23:15:50', '2025-07-23 05:47:21'),
(4, 4, 'm610/15', '16032103', 21, '', '2021-04-26 23:20:03', '2025-07-23 05:47:21'),
(5, 4, 'm610/15', '', 0, '', '2021-04-26 23:20:03', '2025-07-23 05:47:21'),
(6, 5, 'g660/15', '16032105', 88, '', '2021-04-26 23:20:49', '2025-07-23 05:47:21'),
(7, 6, 'me660/15', '16032106', 92, '', '2021-04-26 23:28:33', '2025-07-23 05:47:21'),
(8, 7, 'me735/18', '16032107', 28, '', '2021-04-26 23:30:39', '2025-07-23 05:47:21'),
(9, 8, 'me610/15', '16032108', 109, '', '2021-04-26 23:37:56', '2025-07-23 05:47:21'),
(10, 9, 'm830/15', '16032109', 203, '', '2021-04-26 23:38:44', '2025-07-23 05:47:21'),
(11, 10, 'm650/15', '160321010', 46, '', '2021-04-26 23:39:23', '2025-07-23 05:47:21'),
(12, 11, 'me760/18', '160321012', 92, '', '2021-04-26 23:40:22', '2025-07-23 05:47:21'),
(13, 12, 'me580/18', '160321013', 22, '', '2021-04-26 23:41:14', '2025-07-23 05:47:21'),
(14, 13, 'm830/15', '160321014', 193, '', '2021-04-26 23:42:10', '2025-07-23 05:47:21'),
(15, 14, 'm895/15', '160321015', 133, '', '2021-04-26 23:49:25', '2025-07-23 05:47:21'),
(16, 15, 'me610/18', '160321016', 71, '', '2021-04-26 23:50:33', '2025-07-23 05:47:21'),
(17, 16, 'm660/15', '160321017', 20, '', '2021-04-26 23:51:15', '2025-07-23 05:47:21'),
(18, 17, 'g760/15', '160321018', 136, '', '2021-04-26 23:52:17', '2025-07-23 05:47:21'),
(19, 18, 'm970/15', '160321019', 189, '', '2021-04-26 23:53:14', '2025-07-23 05:47:21'),
(20, 19, 'm510/12', '160321020', 38, '', '2021-04-26 23:54:14', '2025-07-23 05:47:21'),
(21, 20, 'g940/15', '160321021', 97, '', '2021-04-26 23:56:00', '2025-07-23 05:47:21'),
(22, 21, 'g940/15', '160321022', 47, '', '2021-04-27 00:00:40', '2025-07-23 05:47:21'),
(23, 22, 'g740/15', '160321023', 74, '', '2021-04-27 00:01:49', '2025-07-23 05:47:21'),
(24, 23, 'g970/15', '160321024', 106, '', '2021-04-27 00:02:31', '2025-07-23 05:47:21'),
(25, 24, 'g810/15', '160321025', 36, '', '2021-04-27 00:03:13', '2025-07-23 05:47:21'),
(26, 25, 'me1010/15', '160321026', 105, '', '2021-04-27 00:04:04', '2025-07-23 05:47:21'),
(27, 26, 'me670/15', '160321027', 21, '', '2021-04-27 00:04:50', '2025-07-23 05:47:21'),
(28, 27, 'me1030/15', '160321028', 46, '', '2021-04-27 00:05:39', '2025-07-23 05:47:21'),
(29, 28, 'g630/15', '160321029', 83, '', '2021-04-27 00:08:56', '2025-07-23 05:47:21'),
(30, 29, 'm760/15', '160321030', 135, '', '2021-04-27 00:09:53', '2025-07-23 05:47:21'),
(31, 30, 'm510/12', '160321031', 16, '', '2021-04-27 00:13:33', '2025-07-23 05:47:21'),
(32, 31, 'g520/15', '160321032', 46, '', '2021-04-27 00:14:17', '2025-07-23 05:47:21'),
(33, 32, 'm830/15', '160321035', 38, '', '2021-04-27 00:14:58', '2025-07-23 05:47:21'),
(34, 33, 'm1150/15', '160321036', 22, '', '2021-04-27 00:15:47', '2025-07-23 05:47:21'),
(35, 34, 'me730/18', '160321037', 6, '', '2021-04-27 00:16:26', '2025-07-23 05:47:21'),
(36, 35, 'm610/15', '170321038', 18, '', '2021-04-27 00:17:53', '2025-07-23 05:47:21'),
(37, 36, 'm1030/15', '170321039', 41, '', '2021-04-27 00:18:36', '2025-07-23 05:47:21'),
(38, 37, 'm1030/15', '170321040', 21, '', '2021-04-27 00:19:13', '2025-07-23 05:47:21'),
(39, 38, 'm1030/15', '170321041', 10, '', '2021-04-27 00:19:49', '2025-07-23 05:47:21'),
(40, 39, 'me510/15', '170321042', 4, '', '2021-04-27 00:20:54', '2025-07-23 05:47:21'),
(41, 40, 'm920/15', '170321044', 171, '', '2021-04-27 00:23:32', '2025-07-23 05:47:21'),
(42, 41, 'me760/15', '170321045', 24, '', '2021-04-27 00:24:12', '2025-07-23 05:47:21'),
(43, 42, 'me870/18', '170321046', 72, '', '2021-04-27 00:24:50', '2025-07-23 05:47:21'),
(44, 43, 'm575/15', '170321047', 121, '', '2021-04-27 00:25:53', '2025-07-23 05:47:21'),
(45, 44, 'm575/15', '170321048', 124, '', '2021-04-27 00:29:47', '2025-07-23 05:47:21'),
(46, 45, 'm575/15', '170321049', 123, '', '2021-04-27 00:30:47', '2025-07-23 05:47:21'),
(47, 46, 'm575/15', '170321050', 123, '', '2021-04-27 00:31:32', '2025-07-23 05:47:21'),
(48, 47, 'm575/15', '170321051', 122, '', '2021-04-27 00:32:19', '2025-07-23 05:47:21'),
(49, 48, 'g610/15', '170321052', 53, '', '2021-04-27 00:33:22', '2025-07-23 05:47:21'),
(50, 49, 'g685/15', '170321053', 85, '', '2021-04-27 00:34:05', '2025-07-23 05:47:21'),
(51, 50, 'me860/15', '170321054', 103, '', '2021-04-27 00:34:50', '2025-07-23 05:47:21'),
(52, 51, 'g940/15', '170321055', 137, '', '2021-04-27 00:35:34', '2025-07-23 05:47:21'),
(53, 52, 'me860/15', '170321056', 11, '', '2021-04-27 00:36:15', '2025-07-23 05:47:21'),
(54, 53, 'g1065/15', '170321057', 180, '', '2021-04-27 00:37:16', '2025-07-23 05:47:21'),
(55, 54, 'm1030/15', '170321058', 116, '', '2021-04-27 00:38:10', '2025-07-23 05:47:21'),
(56, 55, 'g1065/15', '170321059', 48, '', '2021-04-27 00:38:50', '2025-07-23 05:47:21'),
(57, 56, 'me1030/15', '170321060', 275, '', '2021-04-27 00:39:23', '2025-07-23 05:47:21'),
(58, 57, 'g1065/15', '170321067', 26, '', '2021-04-27 21:45:11', '2025-07-23 05:47:21'),
(59, 58, 'm560/15', '170321068', 73, '', '2021-04-27 21:46:13', '2025-07-23 05:47:21'),
(60, 59, 'g1030/12', '170321069', 267, '', '2021-04-27 21:47:05', '2025-07-23 05:47:21'),
(61, 60, 'me870/15', '170321070', 82, '', '2021-04-27 21:48:03', '2025-07-23 05:47:21'),
(62, 61, 'me940/18', '170321071', 261, '', '2021-04-27 21:48:44', '2025-07-23 05:47:21'),
(63, 62, 'me1030/15', '220321072', 202, '', '2021-04-27 21:50:04', '2025-07-23 05:47:21'),
(64, 63, 'g1065/15', '220321073', 68, '', '2021-04-27 21:52:19', '2025-07-23 05:47:21'),
(65, 64, 'g520/15', '220321076', 101, '', '2021-04-27 22:02:19', '2025-07-23 05:47:21'),
(66, 65, 'm1030/15', '220321079', 230, '', '2021-04-27 22:03:48', '2025-07-23 05:47:21'),
(67, 66, 'm1060/15', '220321080', 321, '', '2021-04-27 22:05:11', '2025-07-23 05:47:21'),
(68, 67, 'me580/18', '220321081', 29, '', '2021-04-27 22:06:32', '2025-07-23 05:47:21'),
(69, 68, 'm575/15', '220321082', 68, '', '2021-04-27 22:07:42', '2025-07-23 05:47:21'),
(70, 69, 'm1150/12', '220321083', 171, '', '2021-04-27 22:25:57', '2025-07-23 05:47:21'),
(71, 70, 'g520/15', '220321084', 147, '', '2021-04-27 22:27:33', '2025-07-23 05:47:21'),
(72, 71, 'm520/15', '220321085', 121, '', '2021-04-27 22:28:13', '2025-07-23 05:47:21'),
(73, 72, 'g520/15', '220321086', 145, '', '2021-04-27 22:28:50', '2025-07-23 05:47:21'),
(74, 73, 'g910/15', '220321087', 239, '', '2021-04-27 22:29:27', '2025-07-23 05:47:21'),
(75, 74, 'g810/15', '220321088', 229, '', '2021-04-27 22:30:01', '2025-07-23 05:47:21'),
(76, 75, 'm910/18', '220321089', 253, '', '2021-04-27 22:30:37', '2025-07-23 05:47:21'),
(77, 76, 'm1030/15', '220321090', 248, '', '2021-04-27 22:31:14', '2025-07-23 05:47:21'),
(78, 77, 'g1030/15', '220321091', 285, '', '2021-04-27 22:35:42', '2025-07-23 05:47:21'),
(79, 78, 'g1065/15', '220321092', 87, '', '2021-04-27 22:37:52', '2025-07-23 05:47:21'),
(80, 79, 'g1065/15', '220321093', 110, '', '2021-04-27 22:38:34', '2025-07-23 05:47:21'),
(81, 80, 'g1065/15', '220321094', 102, '', '2021-04-27 22:39:50', '2025-07-23 05:47:21'),
(82, 81, 'me820/15', '220321096', 158, '', '2021-04-27 22:40:31', '2025-07-23 05:47:21'),
(83, 82, 'g410/15', '220321097', 93, '', '2021-04-27 22:41:10', '2025-07-23 05:47:21'),
(84, 83, 'g410/15', '220321097', 90, '', '2021-04-27 22:41:57', '2025-07-23 05:47:21'),
(85, 84, 'g410/15', '220321098', 88, '', '2021-04-27 22:42:47', '2025-07-23 05:47:21'),
(86, 85, 'me1030/15', '220321100', 268, '', '2021-04-27 22:43:36', '2025-07-23 05:47:21'),
(87, 86, 'g590/15', '220321102', 168, '', '2021-04-27 22:44:25', '2025-07-23 05:47:21'),
(88, 87, 'me1010/18', '220321104', 285, '', '2021-04-27 22:45:12', '2025-07-23 05:47:21'),
(89, 88, 'me1010/18', '220321105', 294, '', '2021-04-27 22:45:58', '2025-07-23 05:47:21'),
(90, 89, 'm1030/15', '220321106', 226, '', '2021-04-27 22:46:38', '2025-07-23 05:47:21'),
(91, 90, 'm1030/15', '220321107', 228, '', '2021-04-27 22:47:17', '2025-07-23 05:47:21'),
(92, 91, 'me820/15', '310321107', 237, '', '2021-04-27 22:47:58', '2025-07-23 05:47:21'),
(93, 92, 'me1010/18', '310321108', 291, '', '2021-04-27 22:48:36', '2025-07-23 05:47:21'),
(94, 93, 'me1030/15', '0203393617201', 273, '', '2021-05-06 00:59:46', '2025-07-23 05:47:21'),
(95, 94, 'me820/15', '0203390617201', 238, '', '2021-05-06 01:00:35', '2025-07-23 05:47:21'),
(96, 95, 'm810/15', 'D121DB03214', 184, '', '2021-05-06 01:02:05', '2025-07-23 05:47:21'),
(97, 96, 'G710/15', '01046284324', 205, '', '2021-05-06 01:03:20', '2025-07-23 05:47:21'),
(98, 97, 'g1065/15', 'D121DB04542', 227, '', '2021-05-12 19:33:14', '2025-07-23 05:47:21'),
(99, 98, 'g1065/15', 'D121DB04549', 271, '', '2021-05-12 19:34:10', '2025-07-23 05:47:21'),
(100, 99, 'g590/15', '01046283934', 164, '', '2021-05-12 19:34:48', '2025-07-23 05:47:21'),
(101, 100, 'g590/15', '01046283834', 169, '', '2021-05-12 19:36:05', '2025-07-23 05:47:21'),
(102, 101, 'M1100/15', '457687246', 500, '', '2022-11-22 23:09:16', '2025-07-23 05:47:21'),
(103, 102, 'G1020/15', '1001', 100, '1', '2025-07-23 07:15:35', '2025-07-23 07:15:35');

-- --------------------------------------------------------

--
-- Table structure for table `dispatch_details`
--

CREATE TABLE `dispatch_details` (
  `id` int(11) NOT NULL,
  `challan_number` varchar(100) NOT NULL,
  `party_name` int(11) NOT NULL,
  `driver_name` varchar(100) NOT NULL,
  `vehicle_number` varchar(100) NOT NULL,
  `extra_remarks` longtext NOT NULL,
  `remarks` text NOT NULL,
  `created_at` timestamp NULL DEFAULT NULL,
  `submit_date` timestamp NULL DEFAULT NULL
) ENGINE=InnoDB DEFAULT CHARSET=utf8mb4 COLLATE=utf8mb4_general_ci;

--
-- Dumping data for table `dispatch_details`
--

INSERT INTO `dispatch_details` (`id`, `challan_number`, `party_name`, `driver_name`, `vehicle_number`, `extra_remarks`, `remarks`, `created_at`, `submit_date`) VALUES
(1, '00001', 7, 'Monty', 'DL01AC1554', '3 Rolls 42\" BLACK LEAF 95 GSM 117 Kgs\r\n,2 Rolls 42\" BLACK LEAF 90 GSM 78 Kgs\r\n,5 Rolls 42\" GREEN PHOOL 95 GSM 195 Kgs', 'ABC', '2022-09-08 23:29:08', '2022-09-08 07:00:00'),
(2, '00002', 18, 'AAVESH', 'DL01LAD8502', '10 Rolls 5\" SILVER  GSM 201.65 Kgs \r\n', '', '2022-09-09 00:27:15', '2022-09-08 07:00:00'),
(3, '00003', 18, 'AAVESH', 'DL01LW9696', '', '', '2022-09-15 23:32:21', '2022-09-15 07:00:00'),
(4, '00004', 18, 'AAVESH', 'DL01LW9696', '29 Brands SVRM SWASTIK 30KG 1279.95 Kgs \r\n', '', '2022-09-15 23:56:46', '2022-09-15 07:00:00'),
(8, '00005', 18, 'Aavesh', 'hr33', '1 Brands Fond 150 Kgs \r\n', 'tet', '2022-09-16 01:17:14', '2022-09-15 07:00:00'),
(9, '00009', 0, 'AAVESH', 'DL01LX8082', '16 Brands BURNING ROSE BLACK 562.35 Kgs \r\n', '', '2022-09-16 20:03:33', '2022-09-16 07:00:00'),
(22, '00010', 1, 'Abhishek', 'UP32DU9065', '4 Rolls 15\" Red 15 GSM 40 Kgs \n', 'Testing', '2022-09-19 18:50:29', '2022-09-21 07:00:00'),
(23, '00023', 1, 'Abhishek', 'UP32DU9065', '4 Brands Dell 360 Kgs \n,2 Brands Lenovo 160 Kgs \n', 'testing done', '2022-09-19 22:37:17', '2022-09-30 07:00:00'),
(24, '00024', 0, 'Avesh', 'DL01LX8082', '10 Brands WAH JI WAH 30 KG 407.25 Kgs \r\n,2 Brands AKBAR SELECT 30 KG 100.95 Kgs \r\n', '', '2022-09-21 22:23:09', '2022-09-20 07:00:00'),
(25, '00025', 11, 'AAVESH', 'DL01LW9696', '3 Brands GOLDEN 166.6 Kgs \r\n', '', '2022-10-01 23:28:00', '2022-09-30 07:00:00'),
(26, '00026', 5, 'AAVESH', 'DL01LW9696', '16 Brands AQUALITE 624.55 Kgs \r\n', '', '2022-10-02 00:38:54', '2022-09-30 07:00:00');

-- --------------------------------------------------------

--
-- Table structure for table `dispatch_extra_detail`
--

CREATE TABLE `dispatch_extra_detail` (
  `id` int(11) NOT NULL,
  `challan_number` varchar(80) NOT NULL,
  `dispatch_bundles` varchar(50) NOT NULL,
  `bundle_brand` varchar(150) NOT NULL,
  `dispatch_piece` bigint(20) NOT NULL,
  `dispatch_gross` float NOT NULL,
  `bundle_total` float NOT NULL,
  `created_at` timestamp NULL DEFAULT NULL
) ENGINE=InnoDB DEFAULT CHARSET=utf8mb4 COLLATE=utf8mb4_general_ci;

--
-- Dumping data for table `dispatch_extra_detail`
--

INSERT INTO `dispatch_extra_detail` (`id`, `challan_number`, `dispatch_bundles`, `bundle_brand`, `dispatch_piece`, `dispatch_gross`, `bundle_total`, `created_at`) VALUES
(1, '00005', '132132', 'Fond', 100, 150, 150, '2022-09-16 01:17:14'),
(2, '00009', '1116', 'BURNING ROSE BLACK', 1000, 0, 36.15, '2022-09-16 20:03:33'),
(3, '00009', '1117', 'BURNING ROSE BLACK', 1000, 0, 35.15, '2022-09-16 20:03:33'),
(4, '00009', '1118', 'BURNING ROSE BLACK', 1000, 0, 34.85, '2022-09-16 20:03:33'),
(5, '00009', '1119', 'BURNING ROSE BLACK', 1000, 0, 35.25, '2022-09-16 20:03:33'),
(6, '00009', '1120', 'BURNING ROSE BLACK', 1000, 0, 36.65, '2022-09-16 20:03:33'),
(7, '00009', '1121', 'BURNING ROSE BLACK', 1000, 0, 34.85, '2022-09-16 20:03:33'),
(8, '00009', '1122', 'BURNING ROSE BLACK', 1000, 0, 35.3, '2022-09-16 20:03:33'),
(9, '00009', '1123', 'BURNING ROSE BLACK', 1000, 0, 34.95, '2022-09-16 20:03:33'),
(10, '00009', '1124', 'BURNING ROSE BLACK', 1000, 0, 35.15, '2022-09-16 20:03:33'),
(11, '00009', '1125', 'BURNING ROSE BLACK', 1000, 0, 35.6, '2022-09-16 20:03:33'),
(12, '00009', '1126', 'BURNING ROSE BLACK', 1000, 0, 35.55, '2022-09-16 20:03:33'),
(13, '00009', '0020', 'BURNING ROSE BLACK', 1000, 0, 35.25, '2022-09-16 20:03:33'),
(14, '00009', '0021', 'BURNING ROSE BLACK', 1000, 0, 34.9, '2022-09-16 20:03:33'),
(15, '00009', '0022', 'BURNING ROSE BLACK', 1000, 0, 35.2, '2022-09-16 20:03:33'),
(16, '00009', '0023', 'BURNING ROSE BLACK', 1000, 0, 35.55, '2022-09-16 20:03:33'),
(17, '00009', '0024', 'BURNING ROSE BLACK', 900, 0, 32, '2022-09-16 20:03:33'),
(18, '00023', 'sd', 'Dell', 1, 100, 90, '2022-09-19 22:37:17'),
(19, '00023', 'sd', 'Dell', 1, 100, 90, '2022-09-19 22:37:17'),
(38, '00023', 'sd', 'Dell', 1, 100, 90, '2022-09-20 18:06:03'),
(41, '00023', 'sd', 'Dell', 1, 100, 90, '2022-09-20 18:34:22'),
(42, '00023', '101', 'Lenovo', 1, 150, 80, '2022-09-20 18:36:31'),
(43, '00023', '101', 'Lenovo', 1, 150, 80, '2022-09-20 19:41:06'),
(44, '00024', '01', 'WAH JI WAH 30 KG', 400, 41.95, 41.75, '2022-09-21 22:23:09'),
(45, '00024', '02', 'WAH JI WAH 30 KG', 400, 41.7, 41.5, '2022-09-21 22:23:09'),
(46, '00024', '03', 'WAH JI WAH 30 KG', 400, 42, 41.8, '2022-09-21 22:23:09'),
(47, '00024', '04', 'WAH JI WAH 30 KG', 400, 42.7, 42.5, '2022-09-21 22:23:09'),
(48, '00024', '05', 'WAH JI WAH 30 KG', 400, 42.7, 42.5, '2022-09-21 22:23:09'),
(49, '00024', '06', 'WAH JI WAH 30 KG', 400, 42.8, 42.6, '2022-09-21 22:23:09'),
(50, '00024', '07', 'WAH JI WAH 30 KG', 400, 42.55, 45.35, '2022-09-21 22:23:09'),
(51, '00024', '08', 'WAH JI WAH 30 KG', 400, 41.05, 40.85, '2022-09-21 22:23:09'),
(52, '00024', '09', 'WAH JI WAH 30 KG', 400, 41.9, 41.7, '2022-09-21 22:23:09'),
(53, '00024', '10', 'WAH JI WAH 30 KG', 400, 26.9, 26.7, '2022-09-21 22:23:09'),
(54, '00024', '11', 'AKBAR SELECT 30 KG', 500, 50.45, 50.25, '2022-09-21 22:23:09'),
(55, '00024', '12', 'AKBAR SELECT 30 KG', 500, 50.9, 50.7, '2022-09-21 22:23:09'),
(56, '00025', '1', 'GOLDEN', 1000, 0, 55.7, '2022-10-01 23:28:00'),
(57, '00025', '2', 'GOLDEN', 1000, 0, 55.4, '2022-10-01 23:28:00'),
(58, '00025', '3', 'GOLDEN', 1000, 0, 55.5, '2022-10-01 23:28:00'),
(59, '00026', '1', 'AQUALITE', 1200, 0, 37.75, '2022-10-02 00:38:54'),
(60, '00026', '2', 'AQUALITE', 1200, 0, 38.15, '2022-10-02 00:38:54'),
(61, '00026', '3', 'AQUALITE', 1300, 0, 41.3, '2022-10-02 00:38:54'),
(62, '00026', '4', 'AQUALITE', 1200, 0, 38.05, '2022-10-02 00:38:54'),
(63, '00026', '5', 'AQUALITE', 1200, 0, 38.35, '2022-10-02 00:38:54'),
(64, '00026', '6', 'AQUALITE', 1200, 0, 38.35, '2022-10-02 00:38:54'),
(65, '00026', '7', 'AQUALITE', 1200, 0, 38.05, '2022-10-02 00:38:54'),
(66, '00026', '8', 'AQUALITE', 1200, 0, 38, '2022-10-02 00:38:54'),
(67, '00026', '9', 'AQUALITE', 1200, 0, 38.1, '2022-10-02 00:38:54'),
(68, '00026', '10', 'AQUALITE', 1200, 0, 38.15, '2022-10-02 00:38:54'),
(69, '00026', '11', 'AQUALITE', 1200, 0, 38.15, '2022-10-02 00:38:54'),
(70, '00026', '12', 'AQUALITE', 1200, 0, 37.8, '2022-10-02 00:38:54'),
(71, '00026', '13', 'AQUALITE', 1200, 0, 38.1, '2022-10-02 00:38:54'),
(72, '00026', '14', 'AQUALITE', 1200, 0, 38, '2022-10-02 00:38:54'),
(73, '00026', '15', 'AQUALITE', 1200, 0, 37.75, '2022-10-02 00:38:54'),
(74, '00026', '16', 'AQUALITE', 1600, 0, 50.5, '2022-10-02 00:38:54');

-- --------------------------------------------------------

--
-- Table structure for table `dispatch_roll_details`
--

CREATE TABLE `dispatch_roll_details` (
  `id` int(11) NOT NULL,
  `challan_number` varchar(50) NOT NULL,
  `roll_number` varchar(100) NOT NULL,
  `size` bigint(20) NOT NULL,
  `gsm` varchar(100) NOT NULL,
  `color` varchar(100) NOT NULL,
  `length` bigint(20) NOT NULL,
  `gross_weight` float NOT NULL,
  `net_weight` float NOT NULL,
  `created_at` timestamp NULL DEFAULT NULL
) ENGINE=InnoDB DEFAULT CHARSET=utf8mb4 COLLATE=utf8mb4_general_ci;

--
-- Dumping data for table `dispatch_roll_details`
--

INSERT INTO `dispatch_roll_details` (`id`, `challan_number`, `roll_number`, `size`, `gsm`, `color`, `length`, `gross_weight`, `net_weight`, `created_at`) VALUES
(1, '00001', '101', 42, '95', 'BLACK LEAF', 0, 40, 39, '2022-09-08 23:29:08'),
(2, '00001', '102', 42, '95', 'BLACK LEAF', 0, 40, 39, '2022-09-08 23:29:08'),
(3, '00001', '103', 42, '95', 'BLACK LEAF', 0, 40, 39, '2022-09-08 23:29:08'),
(4, '00001', '1047', 42, '90', 'BLACK LEAF', 0, 40, 39, '2022-09-08 23:29:08'),
(5, '00001', '513', 42, '90', 'BLACK LEAF', 0, 40, 39, '2022-09-08 23:29:08'),
(6, '00001', '854', 42, '95', 'GREEN PHOOL', 0, 40, 39, '2022-09-08 23:29:08'),
(7, '00001', '654', 42, '95', 'GREEN PHOOL', 0, 40, 39, '2022-09-08 23:29:08'),
(8, '00001', '6521', 42, '95', 'GREEN PHOOL', 0, 40, 39, '2022-09-08 23:29:08'),
(9, '00001', '5641', 42, '95', 'GREEN PHOOL', 0, 40, 39, '2022-09-08 23:29:08'),
(10, '00001', '500', 42, '95', 'GREEN PHOOL', 0, 40, 39, '2022-09-08 23:29:08'),
(11, '00002', '1', 5, '', 'SILVER', 0, 19.95, 19.65, '2022-09-09 00:27:15'),
(12, '00002', '2', 5, '', 'SILVER', 0, 19.5, 19.2, '2022-09-09 00:27:15'),
(13, '00002', '3', 5, '', 'SILVER', 0, 20.2, 17.1, '2022-09-09 00:27:15'),
(14, '00002', '4', 5, '', 'SILVER', 0, 17.4, 22.3, '2022-09-09 00:27:15'),
(15, '00002', '5', 5, '', 'SILVER', 0, 23.9, 23.05, '2022-09-09 00:27:15'),
(16, '00002', '6', 5, '', 'SILVER', 0, 17.1, 16.85, '2022-09-09 00:27:15'),
(17, '00002', '7', 5, '', 'SILVER', 0, 22.6, 23.45, '2022-09-09 00:27:15'),
(18, '00002', '8', 5, '', 'SILVER', 0, 23.35, 16.8, '2022-09-09 00:27:15'),
(19, '00002', '9', 5, '', 'SILVER', 0, 17.15, 19.7, '2022-09-09 00:27:15'),
(20, '00002', '10', 5, '', 'SILVER', 0, 23.75, 23.55, '2022-09-09 00:27:15'),
(21, '00010', '10', 15, '15', 'Red', 150, 150, 150, '2022-09-19 18:50:29'),
(22, '00010', '10', 15, '15', 'Red', 150, 150, 150, '2022-09-19 18:50:29'),
(26, '00010', '10', 15, '15', 'Red', 150, 150, 10, '2022-09-20 17:57:05'),
(29, '00010', '10', 15, '15', 'Red', 150, 150, 10, '2022-09-20 18:31:21');

-- --------------------------------------------------------

--
-- Table structure for table `grn_details`
--

CREATE TABLE `grn_details` (
  `id` int(11) NOT NULL,
  `grn_id` int(20) NOT NULL,
  `item_code` varchar(50) NOT NULL,
  `item_type` varchar(50) NOT NULL,
  `particulars` varchar(60) NOT NULL,
  `mtrs` float NOT NULL,
  `rate` float NOT NULL
) ENGINE=InnoDB DEFAULT CHARSET=utf8mb4 COLLATE=utf8mb4_general_ci;

--
-- Dumping data for table `grn_details`
--

INSERT INTO `grn_details` (`id`, `grn_id`, `item_code`, `item_type`, `particulars`, `mtrs`, `rate`) VALUES
(1, 1, 'M19/4', 'pp', '19\" Milky 4 Gms', 0, 0),
(2, 2, 'M1100/15', 'BOPP', '1100MM Matt 15 MIC', 1500, 103);

-- --------------------------------------------------------

--
-- Table structure for table `grn_indoimpex`
--

CREATE TABLE `grn_indoimpex` (
  `id` int(11) NOT NULL,
  `grn_unique_id` varchar(20) NOT NULL,
  `party_name` varchar(50) NOT NULL,
  `created_at` timestamp NULL DEFAULT NULL,
  `submit_date` date DEFAULT NULL
) ENGINE=InnoDB DEFAULT CHARSET=utf8mb4 COLLATE=utf8mb4_general_ci;

--
-- Dumping data for table `grn_indoimpex`
--

INSERT INTO `grn_indoimpex` (`id`, `grn_unique_id`, `party_name`, `created_at`, `submit_date`) VALUES
(1, '00003', '4', '2022-09-06 20:04:02', '2022-08-26'),
(2, '00003', '27', '2022-11-22 23:09:52', '2022-11-22');

-- --------------------------------------------------------

--
-- Table structure for table `grn_item_detail`
--

CREATE TABLE `grn_item_detail` (
  `id` int(11) NOT NULL,
  `grn_detail_id` int(11) NOT NULL,
  `roll_number` int(11) NOT NULL,
  `weight` float NOT NULL,
  `remarks` varchar(255) NOT NULL
) ENGINE=InnoDB DEFAULT CHARSET=utf8mb4 COLLATE=utf8mb4_general_ci;

--
-- Dumping data for table `grn_item_detail`
--

INSERT INTO `grn_item_detail` (`id`, `grn_detail_id`, `roll_number`, `weight`, `remarks`) VALUES
(1, 1, 1234, 560, ''),
(2, 2, 457687246, 5000, '');

-- --------------------------------------------------------

--
-- Table structure for table `job_approve_image`
--

CREATE TABLE `job_approve_image` (
  `id` int(11) NOT NULL,
  `job_id` int(11) NOT NULL,
  `approve_image` varchar(255) NOT NULL,
  `date` timestamp NULL DEFAULT NULL
) ENGINE=InnoDB DEFAULT CHARSET=latin1 COLLATE=latin1_swedish_ci;

--
-- Dumping data for table `job_approve_image`
--

INSERT INTO `job_approve_image` (`id`, `job_id`, `approve_image`, `date`) VALUES
(1, 3, 'product-11.png', '2022-03-25 01:11:23'),
(2, 3, 'product-12.png', '2022-03-25 01:11:23'),
(3, 4, 'product-5.png', '2022-03-25 05:37:08'),
(4, 4, 'product-6.png', '2022-03-25 05:37:08'),
(5, 4, 'product-9.png', '2022-03-25 05:37:08'),
(6, 4, 'product-10.png', '2022-03-25 05:37:08'),
(7, 4, 'Aqualite Neo (Clogs & Slippers).jpeg', '2022-03-25 08:08:00'),
(8, 10, 'product17.jpg', '2022-03-29 05:42:56'),
(9, 10, 'product18.jpg', '2022-03-29 05:42:56'),
(10, 18, 'Roop Mahal Saree (1).jpg', '2022-06-04 21:07:58'),
(11, 101, '3cItrICAgx_spider.jpg', '2025-06-20 14:25:33'),
(12, 102, 'ZNYEhpSEti_spider.jpg', '2025-06-20 14:30:26');

-- --------------------------------------------------------

--
-- Table structure for table `job_bopp`
--

CREATE TABLE `job_bopp` (
  `id` int(11) NOT NULL,
  `job_detail_id` int(11) NOT NULL,
  `bopp_item_code` varchar(50) NOT NULL,
  `job_bopp_size` float NOT NULL,
  `job_bopp_type` varchar(50) NOT NULL,
  `job_bopp_micron` int(11) NOT NULL,
  `job_bopp_weight` float NOT NULL,
  `updated_at` timestamp NOT NULL DEFAULT current_timestamp() ON UPDATE current_timestamp(),
  `created_at` timestamp NOT NULL DEFAULT current_timestamp() ON UPDATE current_timestamp()
) ENGINE=InnoDB DEFAULT CHARSET=utf8mb4 COLLATE=utf8mb4_general_ci;

--
-- Dumping data for table `job_bopp`
--

INSERT INTO `job_bopp` (`id`, `job_detail_id`, `bopp_item_code`, `job_bopp_size`, `job_bopp_type`, `job_bopp_micron`, `job_bopp_weight`, `updated_at`, `created_at`) VALUES
(1, 1, '', 100, 'hh', 15, 0.14, '2025-06-20 14:12:10', '2025-06-20 14:14:48'),
(2, 2, '', 960, 'MATT', 15, 4.72, '2025-06-20 14:12:10', '2025-06-20 14:14:48'),
(3, 4, 'G555/20', 555, 'G', 15, 7.68, '2025-06-20 14:12:10', '2025-06-20 14:14:48'),
(4, 10, 'M1030/15', 1030, 'Matt', 15, 98.23, '2025-06-20 14:12:10', '2025-06-20 14:14:48'),
(5, 11, 'M890/15', 890, 'Matt', 15, 6.2, '2025-06-20 14:12:10', '2025-06-20 14:14:48'),
(6, 12, 'M740/15', 740, 'Matt', 15, 4.65, '2025-06-20 14:12:10', '2025-06-20 14:14:48'),
(7, 13, 'M960/15', 960, 'Matt', 15, 4.72, '2025-06-20 14:12:10', '2025-06-20 14:14:48'),
(8, 14, 'M860/15', 860, 'Matt', 15, 3.58, '2025-06-20 14:12:10', '2025-06-20 14:14:48'),
(9, 15, 'M1030/15', 1030, 'Matt', 15, 5.76, '2025-06-20 14:12:10', '2025-06-20 14:14:48'),
(10, 16, 'M1030/15', 1030, 'Matt', 15, 5.69, '2025-06-20 14:12:10', '2025-06-20 14:14:48'),
(11, 17, 'M960/15', 960, 'Matt', 15, 4.72, '2025-06-20 14:12:10', '2025-06-20 14:14:48'),
(12, 19, 'G1020/15', 1020, 'Gloss', 15, 6.96, '2025-06-20 14:12:10', '2025-06-20 14:14:48'),
(13, 21, 'M1060/15', 1060, 'Matt', 15, 8.83, '2025-06-20 14:12:10', '2025-06-20 14:14:48'),
(14, 22, 'M1060/15', 1060, 'Matt', 15, 8.83, '2025-06-20 14:12:10', '2025-06-20 14:14:48'),
(15, 36, 'M910/15', 910, 'Matt', 15, 5.59, '2025-06-20 14:12:10', '2025-06-20 14:14:48'),
(16, 35, 'M890/15', 890, 'Matt', 15, 5.59, '2025-06-20 14:12:10', '2025-06-20 14:14:48'),
(17, 34, 'M1010/15', 1010, 'Matt', 15, 7.58, '2025-06-20 14:12:10', '2025-06-20 14:14:48'),
(18, 33, 'M960/15', 960, 'Matt', 15, 5.24, '2025-06-20 14:12:10', '2025-06-20 14:14:48'),
(19, 32, 'M960/15', 960, 'Matt', 15, 4.72, '2025-06-20 14:12:10', '2025-06-20 14:14:48'),
(20, 28, 'M910/15', 910, 'Matt', 15, 5.03, '2025-06-20 14:12:10', '2025-06-20 14:14:48'),
(21, 27, 'M810/15', 810, 'Matt', 15, 5.53, '2025-06-20 14:12:10', '2025-06-20 14:14:48'),
(22, 45, 'M1030/15', 1030, 'Matt', 15, 5.34, '2025-06-20 14:12:10', '2025-06-20 14:14:48'),
(23, 46, 'ME810/15', 810, 'Metalise', 15, 4.7, '2025-06-20 14:12:10', '2025-06-20 14:14:48'),
(24, 25, 'G710/15', 710, 'Gloss', 15, 4.12, '2025-06-20 14:12:10', '2025-06-20 14:14:48'),
(25, 47, 'M810/15', 810, 'Matt', 15, 4.75, '2025-06-20 14:12:10', '2025-06-20 14:14:48'),
(26, 50, 'M760/15', 760, 'Matt', 15, 6.43, '2025-06-20 14:12:10', '2025-06-20 14:14:48'),
(27, 48, 'M660/15', 660, 'Matt', 15, 3.24, '2025-06-20 14:12:10', '2025-06-20 14:14:48'),
(28, 54, 'M960/15', 960, 'Matt', 15, 4.72, '2025-06-20 14:12:10', '2025-06-20 14:14:48'),
(29, 58, 'M990/15', 990, 'Matt', 15, 6.22, '2025-06-20 14:12:10', '2025-06-20 14:14:48'),
(30, 63, 'M1030/15', 1030, 'Matt', 15, 8.15, '2025-06-20 14:12:10', '2025-06-20 14:14:48'),
(31, 57, 'M1060/15', 1060, 'Matt', 15, 5.93, '2025-06-20 14:12:10', '2025-06-20 14:14:48'),
(32, 62, 'M1100/15', 1100, 'Matt', 15, 8.71, '2025-06-20 14:12:10', '2025-06-20 14:14:48'),
(33, 51, 'M920/15', 920, 'Matt', 15, 7.28, '2025-06-20 14:12:10', '2025-06-20 14:14:48'),
(34, 52, 'M920/15', 920, 'Matt', 15, 7.28, '2025-06-20 14:12:10', '2025-06-20 14:14:48'),
(35, 68, 'M940/15', 940, 'Matt', 15, 5.9, '2025-06-20 14:12:10', '2025-06-20 14:14:48'),
(36, 69, 'M660/15', 660, 'Matt', 15, 3.24, '2025-06-20 14:12:10', '2025-06-20 14:14:48'),
(37, 70, 'M760/15', 760, 'Matt', 15, 6.43, '2025-06-20 14:12:10', '2025-06-20 14:14:48'),
(38, 65, 'M790/15', 790, 'Matt', 15, 5.28, '2025-06-20 14:12:10', '2025-06-20 14:14:48'),
(39, 66, 'M860/15', 860, 'Matt', 15, 5.99, '2025-06-20 14:12:10', '2025-06-20 14:14:48'),
(40, 67, 'M1060/15', 1060, 'Matt', 15, 5.93, '2025-06-20 14:12:10', '2025-06-20 14:14:48'),
(41, 64, 'M1020/15', 1020, 'Matt', 15, 7.66, '2025-06-20 14:12:10', '2025-06-20 14:14:48'),
(42, 53, 'M960/15', 960, 'Matt', 15, 5.24, '2025-06-20 14:12:10', '2025-06-20 14:14:48'),
(43, 59, 'M760/15', 760, 'Matt', 15, 6.22, '2025-06-20 14:12:10', '2025-06-20 14:14:48'),
(44, 56, 'M760/15', 760, 'Matt', 15, 2.65, '2025-06-20 14:12:10', '2025-06-20 14:14:48'),
(45, 23, 'M720/15', 720, 'Matt', 15, 5.11, '2025-06-20 14:12:10', '2025-06-20 14:14:48'),
(46, 18, 'M1030/15', 1030, 'Matt', 15, 5.69, '2025-06-20 14:12:10', '2025-06-20 14:14:48'),
(47, 24, 'M710/15', 710, 'Matt', 15, 4.12, '2025-06-20 14:12:10', '2025-06-20 14:14:48'),
(48, 99, 'G1020/15', 1020, 'G', 15, 0, '2025-06-20 14:14:53', '2025-06-20 14:14:53'),
(49, 101, 'G1020/15', 1020, 'G', 15, 0.14, '2025-07-26 12:35:40', '2025-07-26 12:35:40'),
(50, 102, 'G1020/15', 1020, 'G', 15, 0, '2025-06-20 14:30:26', '2025-06-20 14:30:26'),
(51, 103, 'G1020/15', 1020, 'G', 15, 0.01, '2025-07-07 10:19:28', '2025-07-07 10:19:28'),
(52, 104, 'G1020/15', 1020, 'G', 15, 0.01, '2025-07-07 11:59:45', '2025-07-07 11:59:45'),
(53, 105, 'G1020/15', 1020, 'G', 15, 0.01, '2025-07-09 08:12:44', '2025-07-09 08:12:44'),
(54, 106, 'G1020/15', 1020, 'G', 15, 0.01, '2025-07-11 13:27:21', '2025-07-11 13:27:21'),
(55, 119, 'G1020/15', 1020, 'G', 15, 0.14, '2025-07-15 14:05:21', '2025-07-15 14:05:21'),
(56, 120, 'G1020/15', 1020, 'G', 15, 0.14, '2025-07-16 14:43:01', '2025-07-16 14:43:01'),
(57, 121, 'G1020/15', 1020, 'G', 15, 0.14, '2025-07-16 14:46:15', '2025-07-16 14:46:15'),
(58, 122, 'ME1020/18', 1020, 'ME', 18, 0.17, '2025-07-16 15:05:15', '2025-07-16 15:05:15'),
(59, 123, 'M1100/12', 1100, 'M', 12, 0.12, '2025-07-19 11:08:30', '2025-07-19 11:08:30'),
(60, 124, 'G1020/15', 1020, 'G', 15, 0.14, '2025-07-21 13:22:34', '2025-07-21 13:22:34'),
(61, 125, 'G1020/15', 1020, 'G', 15, 0.14, '2025-07-21 13:30:14', '2025-07-21 13:30:14'),
(62, 126, 'G1030/15', 1030, 'G', 15, 0.28, '2025-07-21 13:37:40', '2025-07-21 13:37:40'),
(63, 127, 'ME1020/18', 1020, 'ME', 18, 0.17, '2025-07-21 13:40:07', '2025-07-21 13:40:07'),
(64, 128, 'M1020/15', 1020, 'M', 15, 0.14, '2025-08-01 11:33:07', '2025-08-01 11:33:07');

-- --------------------------------------------------------

--
-- Table structure for table `job_cut_wastage`
--

CREATE TABLE `job_cut_wastage` (
  `id` int(11) NOT NULL,
  `job_detail_id` int(11) NOT NULL,
  `cut_type` varchar(50) NOT NULL,
  `cut_wastage` float NOT NULL,
  `updated_at` timestamp NOT NULL DEFAULT current_timestamp() ON UPDATE current_timestamp(),
  `created_at` timestamp NOT NULL DEFAULT current_timestamp() ON UPDATE current_timestamp()
) ENGINE=InnoDB DEFAULT CHARSET=latin1 COLLATE=latin1_swedish_ci;

--
-- Dumping data for table `job_cut_wastage`
--

INSERT INTO `job_cut_wastage` (`id`, `job_detail_id`, `cut_type`, `cut_wastage`, `updated_at`, `created_at`) VALUES
(1, 3, 'D', 698.5, '2025-06-20 14:12:36', '2025-06-20 14:14:48'),
(2, 4, 'D', 698.5, '2025-06-20 14:12:36', '2025-06-20 14:14:48'),
(3, 19, 'Blue', 20, '2025-06-20 14:12:36', '2025-06-20 14:14:48'),
(4, 89, 'white', 100, '2025-07-01 07:57:56', '2025-07-01 07:57:56'),
(5, 104, '10', 1, '2025-07-07 12:00:10', '2025-07-07 12:00:10');

-- --------------------------------------------------------

--
-- Table structure for table `job_cylinder`
--

CREATE TABLE `job_cylinder` (
  `id` int(11) NOT NULL,
  `job_detail_id` int(11) NOT NULL,
  `job_circum` int(11) DEFAULT NULL,
  `job_pet` int(11) DEFAULT NULL,
  `shell_circum` int(11) DEFAULT NULL,
  `shell_pet` int(11) DEFAULT NULL,
  `coil_cylinder` int(11) NOT NULL DEFAULT 1,
  `cylinder_repeat` int(11) DEFAULT 1,
  `cylinder_count` int(11) NOT NULL DEFAULT 1,
  `updated_at` timestamp NOT NULL DEFAULT current_timestamp() ON UPDATE current_timestamp(),
  `created_at` timestamp NOT NULL DEFAULT current_timestamp() ON UPDATE current_timestamp()
) ENGINE=InnoDB DEFAULT CHARSET=utf8mb4 COLLATE=utf8mb4_general_ci;

--
-- Dumping data for table `job_cylinder`
--

INSERT INTO `job_cylinder` (`id`, `job_detail_id`, `job_circum`, `job_pet`, `shell_circum`, `shell_pet`, `coil_cylinder`, `cylinder_repeat`, `cylinder_count`, `updated_at`, `created_at`) VALUES
(1, 1, 100, 10, 10, 10, 1, 0, 100, '2025-06-20 14:12:51', '2025-06-20 14:14:48'),
(2, 2, 360, 960, 360, 1020, 1, 0, 1, '2025-06-20 14:12:51', '2025-06-20 14:14:48'),
(3, 3, 5698, 7845, 0, 0, 1, 0, 100, '2025-06-20 14:12:51', '2025-06-20 14:14:48'),
(4, 4, 760, 258, 10, 10, 1, 0, 100, '2025-06-20 14:12:51', '2025-06-20 14:14:48'),
(5, 5, 0, 0, 0, 0, 1, 0, 0, '2025-06-20 14:12:51', '2025-06-20 14:14:48'),
(6, 6, 460, 740, 460, 800, 1, 0, 3, '2025-06-20 14:12:51', '2025-06-20 14:14:48'),
(7, 7, 0, 0, 0, 0, 1, 0, 0, '2025-06-20 14:12:51', '2025-06-20 14:14:48'),
(8, 8, 450, 1030, 460, 0, 1, 0, 2, '2025-06-20 14:12:51', '2025-06-20 14:14:48'),
(9, 9, 400, 1030, 0, 0, 1, 0, 2, '2025-06-20 14:12:51', '2025-06-20 14:14:48'),
(10, 10, 6987, 789, 6874, 5987, 1, 0, 3, '2025-06-20 14:12:51', '2025-06-20 14:14:48'),
(11, 11, 510, 890, 510, 940, 1, 1, 2, '2025-06-20 14:12:51', '2025-06-20 14:14:48'),
(12, 12, 460, 740, 460, 800, 1, 1, 3, '2025-06-20 14:12:51', '2025-06-20 14:14:48'),
(13, 13, 360, 960, 360, 1020, 1, 1, 2, '2025-06-20 14:12:51', '2025-06-20 14:14:48'),
(14, 14, 610, 860, 610, 920, 1, 2, 2, '2025-06-20 14:12:51', '2025-06-20 14:14:48'),
(15, 15, 410, 1030, 410, 1090, 1, 1, 3, '2025-06-20 14:12:51', '2025-06-20 14:14:48'),
(16, 16, 405, 1030, 405, 1090, 1, 1, 1, '2025-06-20 14:12:51', '2025-06-20 14:14:48'),
(17, 17, 360, 960, 360, 1020, 1, 1, 5, '2025-06-20 14:12:51', '2025-06-20 14:14:48'),
(18, 18, 405, 1030, 405, 1160, 1, 1, 2, '2025-06-20 14:12:51', '2025-06-20 14:14:48'),
(19, 19, 500, 400, 265, 300, 1, 0, 6, '2025-06-20 14:12:51', '2025-06-20 14:14:48'),
(20, 20, 0, 0, 0, 0, 1, 0, 0, '2025-06-20 14:12:51', '2025-06-20 14:14:48'),
(21, 21, 610, 1060, 610, 1120, 1, 1, 4, '2025-06-20 14:12:51', '2025-06-20 14:14:48'),
(22, 22, 610, 1060, 610, 1120, 1, 1, 4, '2025-06-20 14:12:51', '2025-06-20 14:14:48'),
(23, 23, 520, 720, 520, 780, 1, 1, 6, '2025-06-20 14:12:51', '2025-06-20 14:14:48'),
(24, 24, 425, 710, 425, 770, 1, 1, 5, '2025-06-20 14:12:51', '2025-06-20 14:14:48'),
(25, 25, 425, 710, 425, 770, 1, 1, 4, '2025-06-20 14:12:51', '2025-06-20 14:14:48'),
(26, 26, 435, 1030, 435, 1090, 1, 0, 2, '2025-06-20 14:12:51', '2025-06-20 14:14:48'),
(27, 27, 500, 810, 500, 870, 1, 0, 1, '2025-06-20 14:12:51', '2025-06-20 14:14:48'),
(28, 28, 405, 900, 405, 960, 1, 0, 4, '2025-06-20 14:12:51', '2025-06-20 14:14:48'),
(29, 29, 425, 820, 425, 880, 1, 1, 0, '2025-06-20 14:12:51', '2025-06-20 14:14:48'),
(30, 30, 425, 820, 425, 880, 1, 0, 0, '2025-06-20 14:12:51', '2025-06-20 14:14:48'),
(31, 31, 580, 800, 580, 860, 1, 1, 2, '2025-06-20 14:12:51', '2025-06-20 14:14:48'),
(32, 32, 360, 960, 360, 1020, 1, 1, 1, '2025-06-20 14:12:51', '2025-06-20 14:14:48'),
(33, 33, 400, 960, 400, 1020, 1, 1, 1, '2025-06-20 14:12:51', '2025-06-20 14:14:48'),
(34, 34, 550, 1010, 550, 1070, 1, 1, 2, '2025-06-20 14:12:51', '2025-06-20 14:14:48'),
(35, 35, 460, 890, 460, 950, 1, 1, 3, '2025-06-20 14:12:51', '2025-06-20 14:14:48'),
(36, 36, 450, 900, 450, 960, 1, 0, 3, '2025-06-20 14:12:51', '2025-06-20 14:14:48'),
(37, 37, 360, 960, 360, 1020, 1, 1, 2, '2025-06-20 14:12:51', '2025-06-20 14:14:48'),
(38, 38, 400, 960, 400, 1020, 1, 1, 1, '2025-06-20 14:12:51', '2025-06-20 14:14:48'),
(39, 39, 360, 960, 360, 1020, 1, 1, 5, '2025-06-20 14:12:51', '2025-06-20 14:14:48'),
(40, 40, 360, 960, 360, 1020, 1, 1, 2, '2025-06-20 14:12:51', '2025-06-20 14:14:48'),
(41, 41, 580, 950, 580, 1010, 1, 1, 6, '2025-06-20 14:12:51', '2025-06-20 14:14:48'),
(42, 42, 425, 960, 425, 1020, 1, 1, 2, '2025-06-20 14:12:51', '2025-06-20 14:14:48'),
(43, 43, 550, 810, 550, 870, 1, 1, 1, '2025-06-20 14:12:51', '2025-06-20 14:14:48'),
(44, 44, 360, 960, 360, 1020, 1, 1, 1, '2025-06-20 14:12:51', '2025-06-20 14:14:48'),
(45, 45, 380, 1010, 380, 1070, 1, 1, 1, '2025-06-20 14:12:51', '2025-06-20 14:14:48'),
(46, 46, 425, 810, 0, 0, 1, 1, 0, '2025-06-20 14:12:51', '2025-06-20 14:14:48'),
(47, 47, 430, 810, 430, 870, 1, 1, 1, '2025-06-20 14:12:51', '2025-06-20 14:14:48'),
(48, 48, 360, 720, 0, 0, 1, 1, 0, '2025-06-20 14:12:51', '2025-06-20 14:14:48'),
(49, 49, 430, 870, 430, 810, 1, 1, 1, '2025-06-20 14:12:51', '2025-06-20 14:14:48'),
(50, 50, 620, 820, 620, 760, 1, 1, 1, '2025-06-20 14:12:51', '2025-06-20 14:14:48'),
(51, 51, 580, 920, 580, 980, 1, 1, 4, '2025-06-20 14:12:51', '2025-06-20 14:14:48'),
(52, 52, 580, 920, 580, 980, 1, 1, 1, '2025-06-20 14:12:51', '2025-06-20 14:14:48'),
(53, 53, 400, 960, 400, 1020, 1, 1, 2, '2025-06-20 14:12:51', '2025-06-20 14:14:48'),
(54, 54, 360, 960, 360, 1020, 1, 1, 2, '2025-06-20 14:12:51', '2025-06-20 14:14:48'),
(55, 55, 410, 960, 0, 0, 1, 1, 0, '2025-06-20 14:12:51', '2025-06-20 14:14:48'),
(56, 56, 510, 760, 510, 820, 1, 2, 5, '2025-06-20 14:12:51', '2025-06-20 14:14:48'),
(57, 57, 410, 1060, 410, 1120, 1, 1, 2, '2025-06-20 14:12:51', '2025-06-20 14:14:48'),
(58, 58, 460, 990, 460, 1050, 1, 1, 2, '2025-06-20 14:12:51', '2025-06-20 14:14:48'),
(59, 59, 600, 760, 600, 820, 1, 1, 3, '2025-06-20 14:12:51', '2025-06-20 14:14:48'),
(60, 60, 0, 0, 0, 0, 1, 0, 0, '2025-06-20 14:12:51', '2025-06-20 14:14:48'),
(61, 61, 580, 790, 580, 850, 1, 1, 3, '2025-06-20 14:12:51', '2025-06-20 14:14:48'),
(62, 62, 580, 1100, 580, 1160, 1, 1, 3, '2025-06-20 14:12:51', '2025-06-20 14:14:48'),
(63, 63, 580, 790, 580, 850, 1, 1, 3, '2025-06-20 14:12:51', '2025-06-20 14:14:48'),
(64, 64, 550, 1020, 550, 1080, 1, 1, 5, '2025-06-20 14:12:51', '2025-06-20 14:14:48'),
(65, 65, 490, 790, 490, 850, 1, 1, 4, '2025-06-20 14:12:51', '2025-06-20 14:14:48'),
(66, 66, 510, 860, 510, 920, 1, 1, 2, '2025-06-20 14:12:51', '2025-06-20 14:14:48'),
(67, 67, 410, 1060, 410, 1120, 1, 1, 2, '2025-06-20 14:12:51', '2025-06-20 14:14:48'),
(68, 68, 460, 940, 460, 1000, 1, 1, 2, '2025-06-20 14:12:51', '2025-06-20 14:14:48'),
(69, 69, 360, 660, 360, 720, 1, 1, 1, '2025-06-20 14:12:51', '2025-06-20 14:14:48'),
(70, 70, 620, 760, 620, 820, 1, 1, 5, '2025-06-20 14:12:51', '2025-06-20 14:14:48'),
(71, 71, 425, 710, 425, 770, 1, 1, 0, '2025-06-20 14:12:51', '2025-06-20 14:14:48'),
(72, 72, 425, 710, 425, 770, 1, 1, 0, '2025-06-20 14:12:51', '2025-06-20 14:14:48'),
(73, 73, 425, 710, 425, 770, 1, 1, 0, '2025-06-20 14:12:51', '2025-06-20 14:14:48'),
(74, 74, 360, 660, 360, 720, 1, 1, 2, '2025-06-20 14:12:51', '2025-06-20 14:14:48'),
(75, 75, 420, 660, 0, 0, 1, 1, 0, '2025-06-20 14:12:51', '2025-06-20 14:14:48'),
(76, 76, 440, 720, 0, 0, 1, 1, 0, '2025-06-20 14:12:51', '2025-06-20 14:14:48'),
(77, 77, 545, 970, 0, 0, 1, 1, 0, '2025-06-20 14:12:51', '2025-06-20 14:14:48'),
(78, 78, 360, 660, 360, 720, 1, 1, 2, '2025-06-20 14:12:51', '2025-06-20 14:14:48'),
(79, 79, 430, 810, 430, 870, 1, 1, 2, '2025-06-20 14:12:51', '2025-06-20 14:14:48'),
(80, 80, 470, 890, 470, 950, 1, 1, 2, '2025-06-20 14:12:51', '2025-06-20 14:14:48'),
(81, 81, 470, 890, 470, 950, 1, 1, 1, '2025-06-20 14:12:51', '2025-06-20 14:14:48'),
(82, 82, 620, 760, 620, 820, 1, 1, 3, '2025-06-20 14:12:51', '2025-06-20 14:14:48'),
(83, 83, 520, 710, 520, 770, 1, 1, 4, '2025-06-20 14:12:51', '2025-06-20 14:14:48'),
(84, 84, 580, 1100, 580, 1160, 1, 1, 2, '2025-06-20 14:12:51', '2025-06-20 14:14:48'),
(85, 85, 460, 990, 460, 1050, 1, 1, 2, '2025-06-20 14:12:51', '2025-06-20 14:14:48'),
(86, 86, 610, 860, 610, 920, 1, 2, 2, '2025-06-20 14:12:51', '2025-06-20 14:14:48'),
(87, 87, 610, 860, 610, 920, 1, 2, 2, '2025-06-20 14:12:51', '2025-06-20 14:14:48'),
(88, 88, 460, 660, 460, 720, 1, 2, 2, '2025-06-20 14:12:51', '2025-06-20 14:14:48'),
(89, 89, 615, 1110, 615, 1170, 1, 1, 2, '2025-06-20 14:12:51', '2025-06-20 14:14:48'),
(90, 103, 10, 10, 10, 10, 1, 1, 1, '2025-07-07 10:19:28', '2025-07-07 10:19:28'),
(91, 104, 10, 10, 10, 10, 1, 1, 1, '2025-07-07 11:59:45', '2025-07-07 11:59:45'),
(92, 105, 10, 10, 10, 10, 1, 1, 1, '2025-07-09 08:12:44', '2025-07-09 08:12:44'),
(93, 106, 10, 1, 10, 10, 1, 1, 1, '2025-07-11 13:27:21', '2025-07-11 13:27:21'),
(94, 108, 10, 10, 10, 10, 1, 1, 1, '2025-07-12 05:58:54', '2025-07-12 05:58:54'),
(95, 109, 10, 10, 10, 10, 1, 1, 1, '2025-07-12 06:10:28', '2025-07-12 06:10:28'),
(96, 110, 10, 10, 10, 10, 1, 1, 1, '2025-07-12 06:11:52', '2025-07-12 06:11:52'),
(97, 111, 10, 10, 10, 10, 1, 1, 1, '2025-07-12 06:16:56', '2025-07-12 06:16:56'),
(98, 112, 10, 10, 10, 10, 1, 1, 1, '2025-07-12 06:18:21', '2025-07-12 06:18:21'),
(99, 114, NULL, NULL, NULL, NULL, 1, 1, 1, '2025-07-12 09:00:17', '2025-07-12 09:00:17'),
(100, 115, NULL, NULL, NULL, NULL, 1, 1, 1, '2025-07-12 09:44:26', '2025-07-12 09:44:26'),
(101, 116, NULL, NULL, NULL, NULL, 1, 1, 1, '2025-07-12 10:03:19', '2025-07-12 10:03:19'),
(102, 117, NULL, NULL, NULL, NULL, 1, 1, 1, '2025-07-13 15:41:00', '2025-07-13 15:41:00'),
(103, 118, 10, 10, 10, 10, 1, 1, 1, '2025-07-15 09:34:22', '2025-07-15 09:34:22'),
(104, 101, 10, 10, 10, 10, 1, 1, 1, '2025-07-26 12:35:40', '2025-07-26 12:35:40'),
(105, 119, 10, 10, 10, 10, 1, 1, 1, '2025-07-15 14:05:21', '2025-07-15 14:05:21'),
(106, 120, 10, 10, 1, 10, 1, 1, 1, '2025-07-16 14:43:01', '2025-07-16 14:43:01'),
(107, 121, 10, 10, 10, 10, 1, 1, 1, '2025-07-16 14:46:15', '2025-07-16 14:46:15'),
(108, 122, 10, 10, 10, 20, 1, 1, 1, '2025-07-16 15:05:38', '2025-07-16 15:05:38'),
(109, 123, 10, 100, 10, NULL, 1, 1, 1, '2025-07-19 11:08:30', '2025-07-19 11:08:30'),
(110, 124, 10, 10, 10, NULL, 1, 1, 1, '2025-07-21 13:22:34', '2025-07-21 13:22:34'),
(111, 125, 10, 10, 10, 10, 1, 1, 1, '2025-07-21 13:30:14', '2025-07-21 13:30:14'),
(112, 126, 20, 10, 10, 10, 1, 1, 1, '2025-07-21 13:37:40', '2025-07-21 13:37:40'),
(113, 127, 10, 10, 10, 10, 1, 1, 1, '2025-07-21 13:40:07', '2025-07-21 13:40:07'),
(114, 128, 10, 10, 10, 10, 1, 1, 1, '2025-08-01 11:33:07', '2025-08-01 11:33:07');

-- --------------------------------------------------------

--
-- Table structure for table `job_details`
--

CREATE TABLE `job_details` (
  `id` int(11) NOT NULL,
  `saved_by` int(11) NOT NULL DEFAULT 1,
  `job_type_id` int(11) NOT NULL,
  `job_unique_code` varchar(50) NOT NULL,
  `party_id` int(11) NOT NULL,
  `job_name_id` int(11) NOT NULL,
  `variant_id` int(11) DEFAULT NULL,
  `bottom_enclave` varchar(100) DEFAULT NULL,
  `printing_type` varchar(50) NOT NULL,
  `bag_type` varchar(50) DEFAULT NULL,
  `bag_job_type` varchar(100) DEFAULT NULL,
  `bag_total_weight` float NOT NULL,
  `bag_circum` int(11) NOT NULL,
  `bag_pet` int(11) NOT NULL,
  `colors` text DEFAULT NULL,
  `colors_cmyk` text DEFAULT NULL,
  `color_name` text DEFAULT NULL,
  `bag_gazette` int(11) NOT NULL,
  `is_metallized` enum('1','0') NOT NULL DEFAULT '0',
  `job_description` mediumtext DEFAULT NULL,
  `job_status` enum('1','0') NOT NULL,
  `approval_status` enum('1','0') NOT NULL,
  `created_at` timestamp NULL DEFAULT NULL,
  `updated_at` timestamp NOT NULL DEFAULT current_timestamp(),
  `submit_date` date DEFAULT NULL
) ENGINE=InnoDB DEFAULT CHARSET=utf8mb4 COLLATE=utf8mb4_general_ci;

--
-- Dumping data for table `job_details`
--

INSERT INTO `job_details` (`id`, `saved_by`, `job_type_id`, `job_unique_code`, `party_id`, `job_name_id`, `variant_id`, `bottom_enclave`, `printing_type`, `bag_type`, `bag_job_type`, `bag_total_weight`, `bag_circum`, `bag_pet`, `colors`, `colors_cmyk`, `color_name`, `bag_gazette`, `is_metallized`, `job_description`, `job_status`, `approval_status`, `created_at`, `updated_at`, `submit_date`) VALUES
(11, 1, 1, '00011', 6, 9, 0, NULL, 'BOPP', 'LOOP', NULL, 37.69, 510, 405, NULL, NULL, NULL, 0, '0', 'check date.', '1', '1', '2022-06-16 06:48:41', '2025-06-20 12:33:23', '2022-06-01'),
(12, 1, 1, '00012', 5, 7, 0, NULL, 'BOPP', '', NULL, 25.68, 460, 345, NULL, NULL, NULL, 0, '0', 'Material to be made without Handle.', '1', '1', '2022-06-16 07:45:09', '2025-06-20 12:33:23', '2022-06-14'),
(13, 1, 1, '00013', 3, 11, 0, NULL, 'BOPP', 'LOOP', NULL, 29.62, 360, 430, NULL, NULL, NULL, 0, '0', 'CHECK DATE.', '1', '1', '2022-06-16 06:41:27', '2025-06-20 12:33:23', '2022-06-01'),
(14, 1, 1, '00014', 3, 13, 0, NULL, 'BOPP', 'LOOP', NULL, 21.55, 305, 380, NULL, NULL, NULL, 0, '0', 'check date.', '1', '1', '2022-06-16 00:44:59', '2025-06-20 12:33:23', '2022-06-14'),
(15, 1, 1, '00015', 5, 16, 0, NULL, 'BOPP', 'LOOP', NULL, 30.76, 410, 485, NULL, NULL, NULL, 0, '0', 'Material to be Dispatched without Handle.', '1', '0', '2022-10-17 23:55:07', '2025-06-20 12:33:23', '2022-01-18'),
(16, 1, 1, '00016', 5, 15, 0, NULL, 'BOPP', '', NULL, 30.38, 0, 0, NULL, NULL, NULL, 0, '0', 'Material to be Dispatched without Handle.\r\nBackground Cylinder Common from \"Aqualite  Comfort Dikhta Hai\" job.', '1', '1', '2022-10-17 22:55:10', '2025-06-20 12:33:23', '2022-04-09'),
(18, 1, 1, '00018', 3, 10, 0, NULL, 'BOPP', 'LOOP', NULL, 34.5, 405, 485, NULL, NULL, NULL, 0, '0', 'BACKGROUND CYLINDER PET 1100.\r\nCHARGED FROM PARTY PET 1030.', '1', '1', '2022-10-17 23:05:09', '2025-06-20 12:33:23', '2022-02-22'),
(22, 1, 3, '00022', 2, 22, 0, NULL, 'BOPP', 'LOOP', NULL, 72.99, 390, 405, NULL, NULL, NULL, 200, '0', '', '1', '1', '2022-10-17 22:49:20', '2025-06-20 12:33:23', '2022-06-06'),
(23, 1, 3, '00023', 7, 37, 0, NULL, 'BOPP', 'LOOP', NULL, 43.09, 300, 230, NULL, NULL, NULL, 0, '0', '', '1', '1', '2022-10-17 23:01:12', '2025-06-20 12:33:23', '2022-04-15'),
(24, 1, 3, '00024', 7, 26, 0, NULL, 'BOPP', 'LOOP', NULL, 37.74, 12, 11, NULL, NULL, NULL, 4, '0', '', '1', '1', '2022-10-17 23:13:48', '2025-06-20 12:33:23', '2022-07-03'),
(25, 1, 3, '00025', 7, 27, 14, NULL, 'BOPP', 'LOOP', NULL, 35.8, 305, 280, NULL, NULL, NULL, 100, '0', '', '1', '1', '2022-08-20 00:42:43', '2025-06-20 12:33:23', '2022-06-10'),
(27, 1, 3, '00027', 7, 34, 0, NULL, 'BOPP', 'LOOP', NULL, 44.61, 380, 330, NULL, NULL, NULL, 0, '0', 'DATE CHECK.\r\n', '1', '1', '2022-06-16 07:53:32', '2025-06-20 12:33:23', '2022-06-16'),
(28, 1, 3, '00028', 11, 28, 0, NULL, 'BOPP', 'LOOP', NULL, 41.85, 405, 355, NULL, NULL, NULL, 0, '0', 'DATE CHECK.\r\n', '1', '1', '2022-06-16 07:52:17', '2025-06-20 12:33:23', '2022-06-16'),
(29, 1, 3, '00029', 12, 31, 0, NULL, 'FLEXO On BOPP', 'LOOP', NULL, 39.29, 305, 330, NULL, NULL, NULL, 100, '1', '', '1', '0', '2022-10-17 23:51:10', '2025-06-20 12:33:23', '2022-06-10'),
(31, 1, 3, '00031', 11, 33, 0, NULL, 'FLEXO On BOPP', 'LOOP', NULL, 0, 430, 305, NULL, NULL, NULL, 130, '', '', '1', '0', '2022-10-17 23:48:36', '2025-06-20 12:33:23', '2022-03-21'),
(32, 1, 1, '00032', 13, 38, 0, NULL, 'BOPP', 'LOOP', NULL, 29.62, 360, 455, NULL, NULL, NULL, 0, '0', 'DATE CHECK.\r\n', '1', '1', '2022-06-16 07:46:31', '2025-06-20 12:33:23', '2022-04-23'),
(33, 1, 1, '00033', 14, 39, 0, NULL, 'BOPP', 'LOOP', NULL, 32.51, 400, 455, NULL, NULL, NULL, 0, '0', 'DATE CHECK.\r\nHANDLE CHECK.\r\nNO WHITE.', '1', '0', '2022-10-17 23:32:46', '2025-06-20 12:33:23', '2022-04-23'),
(34, 1, 3, '00034', 10, 43, 0, NULL, 'BOPP', 'LOOP', NULL, 62.63, 400, 410, NULL, NULL, NULL, 130, '0', 'WHITE COATING CYLINDER OF INDO IMPEX USED.\r\nDATE CHECK.\r\n', '1', '1', '2022-06-16 06:54:37', '2025-06-20 12:33:23', '2022-05-02'),
(35, 1, 3, '00035', 11, 42, 0, NULL, 'BOPP', 'LOOP', NULL, 46.95, 320, 355, NULL, NULL, NULL, 120, '0', 'DATE CHECK.', '1', '1', '2022-06-16 06:50:23', '2025-06-20 12:33:23', '2022-05-23'),
(36, 1, 3, '00036', 15, 30, 0, NULL, 'BOPP', 'LOOP', NULL, 45.61, 340, 375, NULL, NULL, NULL, 90, '0', 'CHECK DATE.', '1', '1', '2022-06-16 06:36:53', '2025-06-20 12:33:23', '2022-03-11'),
(37, 1, 3, '00037', 3, 11, 0, NULL, 'BOPP', 'LOOP', NULL, 0, 360, 455, NULL, NULL, NULL, 0, '', '3 mistake 1 colour, 2 (1) name, 3 size', '1', '0', '2022-10-17 23:44:56', '2025-06-20 12:33:23', '2022-03-23'),
(38, 1, 1, '00038', 14, 39, 0, NULL, 'BOPP', 'LOOP', NULL, 0, 400, 455, NULL, NULL, NULL, 0, '', '', '1', '0', '2022-10-17 23:39:04', '2025-06-20 12:33:23', '2022-04-25'),
(39, 1, 1, '00039', 7, 17, 0, NULL, 'BOPP', 'LOOP', NULL, 0, 360, 455, NULL, NULL, NULL, 0, '', '', '1', '0', '2022-10-17 23:38:32', '2025-06-20 12:33:23', '2022-01-14'),
(40, 1, 1, '00040', 3, 20, 0, NULL, 'BOPP', 'LOOP', NULL, 0, 360, 455, NULL, NULL, NULL, 0, '', '', '1', '0', '2022-10-17 23:38:07', '2025-06-20 12:33:23', '2022-01-05'),
(41, 1, 3, '00041', 7, 17, 0, NULL, 'BOPP', 'LOOP', NULL, 0, 430, 380, NULL, NULL, NULL, 130, '', '', '1', '0', '2022-10-17 23:37:25', '2025-06-20 12:33:23', '2022-12-01'),
(42, 1, 3, '00042', 3, 45, 0, NULL, 'BOPP', 'LOOP', NULL, 0, 305, 405, NULL, NULL, NULL, 0, '', '', '1', '0', '2022-10-17 23:36:50', '2025-06-20 12:33:23', '2022-01-19'),
(43, 1, 3, '00043', 3, 46, 0, NULL, 'BOPP', 'LOOP', NULL, 0, 430, 330, NULL, NULL, NULL, 100, '', 'single cylinder job print nhi hui', '1', '0', '2022-10-17 23:36:18', '2025-06-20 12:33:23', '2021-12-27'),
(44, 1, 1, '00044', 3, 6, 0, NULL, 'BOPP', 'LOOP', NULL, 0, 360, 455, NULL, NULL, NULL, 0, '', '', '1', '0', '2022-10-17 23:36:01', '2025-06-20 12:33:23', '2021-11-30'),
(45, 1, 1, '00045', 13, 48, 0, NULL, 'BOPP', 'LOOP', NULL, 32.29, 380, 480, NULL, NULL, NULL, 0, '0', 'White Coating Cylinder used self.', '1', '1', '2022-08-19 18:56:55', '2025-06-20 12:33:23', '2022-08-19'),
(46, 1, 1, '00046', 12, 32, 0, NULL, 'FLEXO On BOPP', 'LOOP', NULL, 39.29, 305, 330, NULL, NULL, NULL, 0, '0', 'Indo coating cylinder used.', '1', '1', '2022-08-19 23:22:40', '2025-06-20 12:33:23', '2022-08-19'),
(47, 1, 3, '00047', 16, 49, 0, NULL, 'BOPP', 'LOOP', NULL, 39.7, 310, 330, NULL, NULL, NULL, 100, '0', 'No White Coating.', '1', '1', '2022-08-22 04:44:51', '2025-06-20 12:33:23', '2022-08-21'),
(48, 1, 3, '00048', 7, 50, 0, NULL, 'BOPP', 'LOOP', NULL, 28.96, 240, 255, NULL, NULL, NULL, 100, '0', 'No Cylinder Made.\r\nZebra - Common Cylinder used.', '1', '1', '2022-09-08 20:59:34', '2025-06-20 12:33:23', '2022-09-01'),
(49, 1, 3, '00049', 7, 51, 0, NULL, 'BOPP', 'LOOP', NULL, 0, 310, 330, NULL, NULL, NULL, 100, '', 'roll form', '1', '0', '2022-10-17 23:35:20', '2025-06-20 12:33:23', '2022-09-01'),
(50, 1, 3, '00050', 17, 52, 0, NULL, 'BOPP', 'LOOP', NULL, 52.45, 400, 250, NULL, NULL, NULL, 200, '0', 'Single Cylinder made.\r\nCylinders of common Jumbo Box Bhaji used.', '1', '1', '2022-09-06 02:04:53', '2025-06-20 12:33:23', '2022-09-05'),
(51, 1, 3, '00051', 7, 54, 0, NULL, 'BOPP', 'LOOP', NULL, 61.17, 430, 370, NULL, NULL, NULL, 130, '0', '', '1', '1', '2022-09-17 22:18:16', '2025-06-20 12:33:23', '2022-09-08'),
(52, 1, 3, '00052', 14, 53, 0, NULL, 'BOPP', 'LOOP', NULL, 61.17, 430, 370, NULL, NULL, NULL, 130, '0', 'SINGLE CYLINDER MADE (OWNED BY INDO IMPEX)\r\nCOMMON CYLINDER OF AUTUMN COMMON USED.\r\n5 COLOUR JOB.', '1', '1', '2022-09-17 22:22:00', '2025-06-20 12:33:23', '2022-09-08'),
(53, 1, 1, '00053', 14, 55, 0, NULL, 'BOPP', 'LOOP', NULL, 32.51, 400, 455, NULL, NULL, NULL, 0, '0', 'ise job mai 2 colour option banenge ', '1', '1', '2022-10-17 22:34:41', '2025-06-20 12:33:23', '2022-09-08'),
(54, 1, 1, '00054', 3, 56, 0, NULL, 'BOPP', 'LOOP', NULL, 34.95, 360, 455, NULL, NULL, NULL, 0, '1', '', '1', '1', '2022-09-17 21:57:59', '2025-06-20 12:33:23', '2022-09-09'),
(55, 1, 1, '00055', 11, 58, 0, NULL, 'FLEXO On BOPP', 'LOOP', NULL, 33.24, 410, 455, NULL, NULL, NULL, 0, '1', '', '1', '1', '2022-10-17 22:54:01', '2025-06-20 12:33:23', '2022-09-10'),
(56, 1, 1, '00056', 3, 19, 0, NULL, 'BOPP', 'LOOP', NULL, 16.87, 255, 355, NULL, NULL, NULL, 0, '0', '1 cylinder mai 2 bag h ', '1', '0', '2022-10-17 23:56:25', '2025-06-20 12:33:23', '2022-09-16'),
(57, 1, 1, '00057', 3, 60, 0, NULL, 'BOPP', 'LOOP', NULL, 43.02, 410, 505, NULL, NULL, NULL, 0, '0', '', '1', '1', '2022-09-18 01:43:01', '2025-06-20 12:33:23', '2022-09-16'),
(58, 1, 3, '00058', 3, 61, 0, NULL, 'BOPP', 'LOOP', NULL, 55.23, 310, 405, NULL, NULL, NULL, 130, '0', '', '1', '1', '2022-09-16 22:49:12', '2025-06-20 12:33:23', '2022-09-16'),
(59, 1, 3, '00059', 19, 59, 0, NULL, 'BOPP', 'LOOP', NULL, 58.46, 380, 255, NULL, NULL, NULL, 200, '1', '', '1', '1', '2022-10-17 22:46:01', '2025-06-20 12:33:23', '2022-09-16'),
(60, 1, 0, '', 0, 0, 0, NULL, '', '', NULL, 0, 0, 0, NULL, NULL, NULL, 0, '', '', '', '0', '2022-09-16 22:26:19', '2025-06-20 12:33:23', '0000-00-00'),
(62, 1, 3, '00062', 10, 63, 0, NULL, 'BOPP', 'LOOP', NULL, 69.88, 410, 450, NULL, NULL, NULL, 150, '0', '', '1', '1', '2022-09-17 22:14:24', '2025-06-20 12:33:23', '2022-09-01'),
(63, 1, 3, '00063', 7, 62, 0, NULL, 'BOPP', 'LOOP', NULL, 72.03, 430, 305, NULL, NULL, NULL, 200, '1', '', '1', '1', '2022-10-15 01:51:36', '2025-06-20 12:33:23', '2022-09-16'),
(64, 1, 3, '00064', 10, 64, 0, NULL, 'BOPP', 'LOOP', NULL, 70.44, 400, 420, NULL, NULL, NULL, 130, '1', 'ASK FOR HANDLE WHEN MAKING BAG.', '1', '1', '2022-10-17 22:35:16', '2025-06-20 12:33:23', '2022-09-29'),
(65, 1, 3, '00065', 3, 66, 0, NULL, 'BOPP', 'LOOP', NULL, 46.62, 270, 270, NULL, NULL, NULL, 200, '0', 'NO WHITE', '1', '1', '2022-10-13 23:23:17', '2025-06-20 12:33:23', '2022-09-30'),
(66, 1, 1, '00066', 3, 67, 0, NULL, 'BOPP', 'LOOP', NULL, 43.49, 510, 405, NULL, NULL, NULL, 0, '0', '', '1', '1', '2022-10-15 01:40:54', '2025-06-20 12:33:23', '2022-09-30'),
(67, 1, 1, '00067', 3, 68, 0, NULL, 'BOPP', 'D-CUT', NULL, 15.99, 410, 505, NULL, NULL, NULL, 0, '0', '', '1', '1', '2022-10-15 01:45:52', '2025-06-20 12:33:23', '2022-09-30'),
(68, 1, 3, '00068', 20, 65, 0, NULL, 'BOPP', 'LOOP', NULL, 49.36, 310, 380, NULL, NULL, NULL, 130, '0', '', '1', '1', '2022-10-13 22:16:51', '2025-06-20 12:33:23', '2022-09-29'),
(69, 1, 3, '00069', 20, 69, 0, NULL, 'BOPP', 'LOOP', NULL, 28.96, 240, 255, NULL, NULL, NULL, 100, '0', '', '1', '1', '2022-10-13 22:20:49', '2025-06-20 12:33:23', '2022-09-01'),
(70, 1, 3, '00070', 21, 70, 0, NULL, 'BOPP', 'LOOP', NULL, 60.29, 400, 255, NULL, NULL, NULL, 200, '1', 'RED HANDLE IN RED BACKGROUND.\r\nBLUE HANDLE IN BLUE BACKGROUND.', '1', '1', '2022-10-13 22:37:51', '2025-06-20 12:33:23', '2022-10-08'),
(71, 1, 3, '00071', 7, 71, 0, NULL, 'BOPP', 'LOOP', NULL, 0, 305, 280, NULL, NULL, NULL, 100, '', '', '1', '0', '2022-10-18 00:01:36', '2025-06-20 12:33:23', '2022-03-07'),
(72, 1, 3, '00072', 7, 72, 0, NULL, 'BOPP', 'LOOP', NULL, 0, 305, 280, NULL, NULL, NULL, 100, '', '', '1', '0', '2022-10-18 00:02:45', '2025-06-20 12:33:23', '2022-03-07'),
(73, 1, 3, '00073', 7, 73, 0, NULL, 'BOPP', 'LOOP', NULL, 0, 305, 280, NULL, NULL, NULL, 100, '', '', '1', '0', '2022-10-18 00:03:45', '2025-06-20 12:33:23', '2022-03-07'),
(74, 1, 3, '00074', 22, 78, 0, NULL, 'BOPP', 'LOOP', NULL, 0, 240, 255, NULL, NULL, NULL, 100, '0', '', '1', '0', '2022-11-02 01:44:22', '2025-06-20 12:33:23', '2022-11-01'),
(75, 1, 3, '00075', 23, 79, 0, NULL, 'FLEXO On BOPP', 'LOOP', NULL, 0, 300, 255, NULL, NULL, NULL, 100, '', '', '1', '0', '2022-11-02 01:51:50', '2025-06-20 12:33:23', '2022-10-31'),
(76, 1, 3, '00076', 23, 80, 0, NULL, 'FLEXO On BOPP', 'LOOP', NULL, 0, 320, 285, NULL, NULL, NULL, 100, '', '', '1', '0', '2022-11-02 01:53:54', '2025-06-20 12:33:23', '2022-10-31'),
(77, 1, 3, '00077', 23, 81, 0, NULL, 'FLEXO On BOPP', 'LOOP', NULL, 0, 395, 395, NULL, NULL, NULL, 130, '', '', '1', '0', '2022-11-02 01:56:00', '2025-06-20 12:33:23', '2022-10-31'),
(78, 1, 3, '00078', 11, 82, 0, NULL, 'BOPP', 'LOOP', NULL, 0, 240, 255, NULL, NULL, NULL, 100, '', '', '1', '0', '2022-11-03 22:07:41', '2025-06-20 12:33:23', '2022-11-03'),
(79, 1, 3, '00079', 11, 83, 0, NULL, 'BOPP', 'LOOP', NULL, 0, 310, 330, NULL, NULL, NULL, 100, '', '', '1', '0', '2022-11-03 22:08:41', '2025-06-20 12:33:23', '2022-11-03'),
(80, 1, 3, '00080', 24, 85, 0, NULL, 'BOPP', 'LOOP', NULL, 0, 320, 355, NULL, NULL, NULL, 130, '', '', '1', '0', '2022-11-06 00:04:12', '2025-06-20 12:33:23', '2022-01-11'),
(81, 1, 3, '00081', 24, 84, 0, NULL, 'BOPP', 'LOOP', NULL, 0, 320, 355, NULL, NULL, NULL, 130, '', 'background ka cylinder marks wala chalega ', '1', '0', '2022-11-06 00:05:40', '2025-06-20 12:33:23', '2022-11-01'),
(82, 1, 3, '00082', 25, 86, 0, NULL, 'BOPP', 'LOOP', NULL, 0, 400, 255, NULL, NULL, NULL, 200, '', '', '1', '0', '2022-11-06 00:38:23', '2025-06-20 12:33:23', '2022-10-31'),
(83, 1, 3, '00083', 25, 88, 0, NULL, 'BOPP', 'LOOP', NULL, 0, 300, 230, NULL, NULL, NULL, 200, '', '', '1', '0', '2022-11-12 19:29:36', '2025-06-20 12:33:23', '2022-11-10'),
(84, 1, 3, '00084', 10, 89, 0, NULL, 'BOPP', 'LOOP', NULL, 0, 410, 450, NULL, NULL, NULL, 150, '', 'white coating chalegi', '1', '0', '2022-11-12 19:31:35', '2025-06-20 12:33:23', '2022-11-10'),
(85, 1, 3, '00085', 3, 90, 0, NULL, 'BOPP', 'LOOP', NULL, 0, 460, 405, NULL, NULL, NULL, 130, '', '', '1', '0', '2022-11-12 19:38:30', '2025-06-20 12:33:23', '2022-11-11'),
(86, 1, 1, '00086', 3, 91, 0, NULL, 'BOPP', 'LOOP', NULL, 0, 305, 405, NULL, NULL, NULL, 0, '', '', '1', '0', '2022-11-12 19:40:31', '2025-06-20 12:33:23', '2022-11-11'),
(87, 1, 1, '00087', 3, 92, 0, NULL, 'BOPP', 'LOOP', NULL, 0, 305, 405, NULL, NULL, NULL, 0, '', '', '1', '0', '2022-11-12 19:42:08', '2025-06-20 12:33:23', '2022-11-11'),
(88, 1, 1, '00088', 3, 93, 0, NULL, 'BOPP', 'LOOP', NULL, 0, 230, 305, NULL, NULL, NULL, 0, '', '', '1', '0', '2022-11-12 19:43:08', '2025-06-20 12:33:23', '2022-11-11'),
(89, 1, 1, '00089', 1, 6, 0, NULL, 'FLEXO', 'D-CUT', NULL, -100, 395, 430, NULL, NULL, NULL, 0, '0', 'test', '1', '1', '2022-11-19 23:02:52', '2025-07-01 08:06:17', '2022-11-19'),
(90, 1, 1, '0090', 1, 6, NULL, NULL, 'BOPP', NULL, NULL, 0, 10, 10, NULL, NULL, NULL, 0, '1', NULL, '1', '0', '2025-06-20 13:56:34', '2025-06-20 13:56:34', '2025-06-21'),
(91, 1, 1, '0090', 1, 6, NULL, NULL, 'BOPP', NULL, NULL, 0, 10, 10, NULL, NULL, NULL, 0, '1', NULL, '1', '0', '2025-06-20 13:57:06', '2025-06-20 13:57:06', '2025-06-21'),
(92, 1, 1, '0090', 1, 6, NULL, NULL, 'BOPP', NULL, NULL, 0, 10, 10, NULL, NULL, NULL, 0, '1', NULL, '1', '0', '2025-06-20 13:59:27', '2025-06-20 13:59:27', '2025-06-21'),
(93, 1, 1, '0090', 1, 6, NULL, NULL, 'BOPP', NULL, NULL, 0, 10, 10, NULL, NULL, NULL, 0, '1', NULL, '1', '0', '2025-06-20 14:00:21', '2025-06-20 14:00:21', '2025-06-21'),
(94, 1, 1, '0090', 1, 6, NULL, NULL, 'BOPP', NULL, NULL, 0, 10, 10, NULL, NULL, NULL, 0, '1', NULL, '1', '0', '2025-06-20 14:01:57', '2025-06-20 14:01:57', '2025-06-21'),
(95, 1, 1, '0090', 1, 6, NULL, NULL, 'BOPP', NULL, NULL, 0, 10, 10, NULL, NULL, NULL, 0, '1', NULL, '1', '0', '2025-06-20 14:02:27', '2025-06-20 14:02:27', '2025-06-21'),
(96, 1, 1, '0090', 1, 6, NULL, NULL, 'BOPP', NULL, NULL, 0, 10, 10, NULL, NULL, NULL, 0, '1', NULL, '1', '1', '2025-06-20 14:09:39', '2025-07-09 08:59:38', '2025-06-21'),
(97, 1, 1, '0090', 1, 6, NULL, NULL, 'BOPP', NULL, NULL, 0, 10, 10, NULL, NULL, NULL, 0, '1', NULL, '1', '0', '2025-06-20 14:10:33', '2025-06-20 14:10:33', '2025-06-21'),
(98, 1, 1, '0090', 1, 6, NULL, NULL, 'BOPP', NULL, NULL, 0, 10, 10, NULL, NULL, NULL, 0, '1', NULL, '1', '1', '2025-06-20 14:13:44', '2025-07-09 09:10:07', '2025-06-21'),
(99, 1, 1, '0090', 1, 6, NULL, NULL, 'BOPP', NULL, NULL, 0, 10, 10, NULL, NULL, NULL, 0, '1', NULL, '1', '1', '2025-06-20 14:14:53', '2025-07-09 09:04:05', '2025-06-21'),
(100, 1, 1, '0100', 1, 6, NULL, NULL, 'BOPP', NULL, NULL, 0, 10, 10, NULL, NULL, NULL, 0, '1', 'test', '1', '1', '2025-06-20 14:24:48', '2025-07-02 06:40:00', '2025-06-21'),
(101, 1, 1, '0100', 1, 6, NULL, NULL, 'BOPP', 'LOOP', 'Pillow Bags', 0.87, 10, 10, ', , , , , , , ', ', , , , , , , ', ', , , , , , , ', 0, '0', 'test', '0', '0', '2025-06-20 14:25:33', '2025-07-26 12:35:40', '2025-06-21'),
(103, 1, 1, '0102', 1, 6, NULL, NULL, 'BOPP', 'LOOP', NULL, 1.76, 10, 10, ', , , , , , , ', ', , , , , , , ', ', , , , , , , ', 0, '1', 'test', '0', '0', '2025-07-07 10:19:28', '2025-07-31 12:12:36', '2025-07-26'),
(104, 1, 1, '0104', 1, 6, NULL, NULL, 'BOPP', 'D-CUT', NULL, 0.07, 10, 10, NULL, NULL, NULL, 0, '0', 'test save', '0', '1', '2025-07-07 11:59:45', '2025-07-12 07:23:03', '2025-07-20'),
(106, 1, 1, '0105', 1, 96, NULL, NULL, 'BOPP', 'LOOP', NULL, 10.09, 10, 10, 'red, lal, , , , , , ', NULL, NULL, 0, '0', 'test', '1', '0', '2025-07-11 13:27:21', '2025-07-11 13:27:21', '2025-07-11'),
(107, 1, 1, '0107', 1, 99, NULL, NULL, 'BOPP', 'LOOP', NULL, 0, 10, 10, ', , , , , , , ', NULL, NULL, 0, '0', NULL, '1', '0', '2025-07-12 05:53:42', '2025-07-12 05:53:42', '2025-07-12'),
(108, 1, 1, '0108', 1, 100, NULL, NULL, 'BOPP', 'LOOP', NULL, 0, 10, 10, ', , , , , , , ', NULL, NULL, 0, '0', NULL, '1', '0', '2025-07-12 05:58:54', '2025-07-12 05:58:54', '2025-07-12'),
(109, 1, 1, '0109', 1, 101, NULL, NULL, 'BOPP', 'LOOP', NULL, 0, 10, 10, ', , , , , , , ', NULL, NULL, 0, '0', NULL, '1', '0', '2025-07-12 06:10:28', '2025-07-12 06:10:28', '2025-07-12'),
(110, 1, 1, '0110', 1, 102, NULL, NULL, 'BOPP', 'LOOP', NULL, 0, 10, 10, ', , , , , , , ', NULL, NULL, 0, '0', NULL, '1', '0', '2025-07-12 06:11:52', '2025-07-12 06:11:52', '2025-07-12'),
(111, 1, 1, '0111', 1, 103, NULL, NULL, 'BOPP', 'LOOP', NULL, 0, 10, 10, ', , , , , , , ', NULL, NULL, 0, '0', NULL, '1', '0', '2025-07-12 06:16:56', '2025-07-12 06:16:56', '2025-07-12'),
(112, 1, 1, '0112', 1, 104, NULL, NULL, 'BOPP', 'LOOP', NULL, 0, 10, 10, ', , , , , , , ', NULL, NULL, 0, '0', NULL, '1', '0', '2025-07-12 06:18:21', '2025-07-12 06:18:21', '2025-07-12'),
(113, 1, 1, '0113', 1, 106, NULL, NULL, 'BOPP', 'LOOP', NULL, 0, 10, 10, ', , , , , , , ', NULL, NULL, 0, '0', NULL, '1', '0', '2025-07-12 08:56:53', '2025-07-12 08:56:53', '2025-07-12'),
(114, 1, 1, '0114', 1, 107, NULL, NULL, 'BOPP', 'LOOP', NULL, 0, 10, 10, ', , , , , , , ', NULL, NULL, 0, '0', NULL, '1', '0', '2025-07-12 09:00:17', '2025-07-12 09:00:17', '2025-07-12'),
(115, 1, 1, '0115', 1, 108, NULL, NULL, 'BOPP', 'LOOP', NULL, 0, 10, 10, ', , , , , , , ', NULL, NULL, 0, '0', NULL, '1', '0', '2025-07-12 09:44:26', '2025-07-12 09:44:26', '2025-07-12'),
(116, 1, 1, '0116', 1, 109, NULL, NULL, 'BOPP', NULL, NULL, 0, 10, 10, ', , , , , , , ', NULL, NULL, 0, '0', NULL, '1', '1', '2025-07-12 10:03:19', '2025-07-15 13:19:16', '2025-07-12'),
(117, 1, 1, '0117', 1, 110, NULL, NULL, 'BOPP', 'LOOP', NULL, 0, 1, 10, '#cfcfcf, #191919, , , , , , ', 'C:10 M:10 Y:10 K:10, C:10 M:10 Y:10 K:89, , , , , , ', NULL, 0, '0', NULL, '0', '0', '2025-07-13 15:41:00', '2025-07-13 15:50:56', '2025-07-13'),
(118, 1, 1, '0118', 20, 111, NULL, NULL, 'BOPP', 'LOOP', NULL, 0, 100, 100, '#cfcfcf, #e6ffff, , , , , , ', 'C:10 M:10 Y:10 K:10, C:10 M:0 Y:0 K:0, , , , , , ', NULL, 0, '0', NULL, '0', '0', '2025-07-15 09:34:22', '2025-07-15 09:34:22', '2025-07-15'),
(119, 1, 1, '0119', 1, 113, NULL, NULL, 'BOPP', 'LOOP', NULL, 10.42, 10, 10, ', , , , , , , ', ', , , , , , , ', NULL, 0, '0', 'test', '0', '0', '2025-07-15 14:05:21', '2025-07-15 14:05:21', '2025-07-15'),
(120, 1, 1, '0120', 1, 115, NULL, NULL, 'Pillow Bags', 'LOOP', NULL, 10.4, 10, 10, '#7e7e62, #2b1f06, , , , , , ', 'C:10 M:10 Y:30 K:45, C:23 M:45 Y:90 K:78, , , , , , ', 'green, black, , , , , , ', 0, '0', 'test', '0', '0', '2025-07-16 14:43:00', '2025-07-16 14:43:00', '2025-07-16'),
(121, 1, 1, '0121', 1, 116, NULL, NULL, 'BOPP', 'LOOP', 'Leader Box Bag', 10.51, 10, 10, '#32321f, #6519cf, , , , , , ', 'C:10 M:10 Y:45 K:78, C:56 M:89 Y:10 K:10, , , , , , ', 'black, purple, , , , , , ', 0, '0', 'test', '0', '0', '2025-07-16 14:46:15', '2025-07-22 13:38:31', '2025-07-16'),
(122, 1, 1, '0122', 1, 122, NULL, NULL, 'FLEXO On BOPP', 'LOOP', NULL, 10.98, 10, 10, '#ffffff, #000000, , , , , , ', 'C:0 M:0 Y:0 K:0, C:100 M:100 Y:100 K:100, , , , , , ', 'white, black, , , , , , ', 0, '0', 'test', '0', '0', '2025-07-16 15:05:15', '2025-07-16 16:20:50', '2025-07-16'),
(123, 40, 1, '0123', 1, 123, NULL, NULL, 'FLEXO On BOPP', 'LOOP', 'Pillow Bags', 15.4, 100, 100, '#7e707e, #b1752e, , , , , , ', 'C:10 M:20 Y:10 K:45, C:23 M:49 Y:80 K:10, , , , , , ', 'light purple, dark yello, , , , , , ', 0, '0', 'test demo', '0', '0', '2025-07-19 11:08:30', '2025-07-19 11:08:30', '2025-07-19'),
(124, 1, 1, '0124', 1, 124, NULL, NULL, 'FLEXO On BOPP', 'D-CUT', 'Pillow Bags', 10.84, 10, 10, '#32322d, #976519, , , , , , ', 'C:10 M:10 Y:20 K:78, C:34 M:56 Y:89 K:10, , , , , , ', 'kala, bhura, , , , , , ', 0, '0', 'test', '0', '0', '2025-07-21 13:22:34', '2025-07-21 13:22:34', '2025-07-21'),
(125, 1, 1, '0125', 1, 125, NULL, NULL, 'FLEXO On BOPP', 'LOOP', 'Pillow Bags', 10.81, 10, 10, '#a1a18f, #b8a1cf, , , , , , ', 'C:10 M:10 Y:20 K:30, C:20 M:30 Y:10 K:10, , , , , , ', 'hara, pink, , , , , , ', 0, '0', 'test', '0', '0', '2025-07-21 13:30:14', '2025-07-21 13:30:14', '2025-07-21'),
(126, 1, 3, '0126', 4, 126, NULL, 'Stitching', 'BOPP', 'NIWAR', 'Circular', 12.03, 10, 10, '#8a7a6b, #141103, , , , , , ', 'C:10 M:20 Y:30 K:40, C:20 M:34 Y:89 K:90, , , , , , ', 'bhura, kala, , , , , , ', 0, '1', 'test', '0', '0', '2025-07-21 13:37:40', '2025-07-27 16:31:32', '2025-07-21'),
(127, 1, 1, '0127', 6, 127, NULL, NULL, 'FLEXO On BOPP', 'LOOP', 'Pillow Bags', 10.87, 10, 10, '#978797, #250c32, , , , , , ', 'C:10 M:20 Y:10 K:34, C:34 M:78 Y:10 K:78, , , , , , ', 'pink, jamuni, , , , , , ', 0, '0', 'ersty', '1', '0', '2025-07-21 13:40:07', '2025-07-21 13:40:07', NULL),
(128, 1, 1, '0128', 29, 128, NULL, NULL, 'BOPP', 'LOOP', 'Pillow Bag', 14.07, 10, 10, '#00ffff, #ff00ff, #ffff00, #000000, , , , ', 'C:100 M:0 Y:0 K:0, C:0 M:100 Y:0 K:0, C:0 M:0 Y:100 K:0, C:0 M:0 Y:0 K:100, , , , ', 'Cyan, Magennta, Yellow, Black, , , , ', 0, '0', 'test Job', '0', '0', '2025-08-01 11:33:07', '2025-08-01 11:33:07', '2025-08-01');

-- --------------------------------------------------------

--
-- Table structure for table `job_fabric`
--

CREATE TABLE `job_fabric` (
  `id` int(11) NOT NULL,
  `job_detail_id` int(11) NOT NULL,
  `fabric_item_code` varchar(50) NOT NULL,
  `job_fabric_size` float NOT NULL,
  `job_fabric_type` varchar(50) NOT NULL,
  `job_fabric_gsm` int(11) NOT NULL,
  `job_fabric_weight` float NOT NULL,
  `updated_at` timestamp NOT NULL DEFAULT current_timestamp() ON UPDATE current_timestamp(),
  `created_at` timestamp NOT NULL DEFAULT current_timestamp() ON UPDATE current_timestamp()
) ENGINE=InnoDB DEFAULT CHARSET=utf8mb4 COLLATE=utf8mb4_general_ci;

--
-- Dumping data for table `job_fabric`
--

INSERT INTO `job_fabric` (`id`, `job_detail_id`, `fabric_item_code`, `job_fabric_size`, `job_fabric_type`, `job_fabric_gsm`, `job_fabric_weight`, `updated_at`, `created_at`) VALUES
(1, 1, '', 464, 'dsfds', 546, 643.5, '2025-06-20 14:13:40', '2025-06-20 14:14:48'),
(2, 2, '', 38, 'WHITE', 45, 15.64, '2025-06-20 14:13:40', '2025-06-20 14:14:48'),
(3, 4, 'WH42/90', 8797, 'WHT', 1564, 265595, '2025-06-20 14:13:40', '2025-06-20 14:14:48'),
(4, 5, '', 0, '', 0, 0, '2025-06-20 14:13:40', '2025-06-20 14:14:48'),
(5, 6, 'WH29.25/45', 29, 'WHT', 45, 15.25, '2025-06-20 14:13:40', '2025-06-20 14:14:48'),
(6, 7, '', 0, '', 0, 0, '2025-06-20 14:13:40', '2025-06-20 14:14:48'),
(7, 8, '', 0, '', 0, 0, '2025-06-20 14:13:40', '2025-06-20 14:14:48'),
(8, 9, 'WH42/45', 42, 'WH', 45, 19.2, '2025-06-20 14:13:40', '2025-06-20 14:14:48'),
(9, 10, 'WH20/45', 20, 'WHITE', 45, 159.72, '2025-06-20 14:13:40', '2025-06-20 14:14:48'),
(10, 11, 'WH36/45', 36, 'WHITE', 45, 20.99, '2025-06-20 14:13:40', '2025-06-20 14:14:48'),
(11, 12, 'WH30/45', 30, 'WHITE', 45, 15.77, '2025-06-20 14:13:40', '2025-06-20 14:14:48'),
(12, 13, 'WH39/45', 39, 'WHITE', 45, 16.05, '2025-06-20 14:13:40', '2025-06-20 14:14:48'),
(13, 14, 'WH35/45', 35, 'WHITE', 45, 12.2, '2025-06-20 14:13:40', '2025-06-20 14:14:48'),
(14, 15, 'WH40.5/45', 40, 'WHITE', 45, 18.75, '2025-06-20 14:13:40', '2025-06-20 14:14:48'),
(15, 16, 'WH40.5/45', 40, 'WHITE', 45, 18.52, '2025-06-20 14:13:40', '2025-06-20 14:14:48'),
(16, 17, 'WH38/45', 38, 'WHITE', 45, 15.64, '2025-06-20 14:13:40', '2025-06-20 14:14:48'),
(17, 18, 'WH41/45', 41, 'WHITE', 45, 18.98, '2025-06-20 14:13:40', '2025-06-20 14:14:48'),
(18, 19, 'BK32/70', 32, 'Black', 70, 28.45, '2025-06-20 14:13:40', '2025-06-20 14:14:48'),
(19, 20, '', 0, '', 0, 0, '2025-06-20 14:13:40', '2025-06-20 14:14:48'),
(20, 21, 'WH43.5/75', 43, 'WHITE', 75, 49.97, '2025-06-20 14:13:40', '2025-06-20 14:14:48'),
(21, 22, 'WH43.5/75', 43.5, 'WHITE', 75, 50.55, '2025-06-20 14:13:40', '2025-06-20 14:14:48'),
(22, 23, 'WH29/75', 29, 'WHITE', 75, 28.73, '2025-06-20 14:13:40', '2025-06-20 14:14:48'),
(23, 24, 'WH31/75', 31, 'WHITE', 75, 25.1, '2025-06-20 14:13:40', '2025-06-20 14:14:48'),
(24, 25, 'WH29/75', 29, 'WHITE', 75, 23.48, '2025-06-20 14:13:40', '2025-06-20 14:14:48'),
(25, 26, '', 0, '', 0, 0, '2025-06-20 14:13:40', '2025-06-20 14:14:48'),
(26, 27, 'WH32/75', 32, 'WHITE', 75, 30.48, '2025-06-20 14:13:40', '2025-06-20 14:14:48'),
(27, 28, 'WH36/75', 36, 'WHITE', 75, 27.77, '2025-06-20 14:13:40', '2025-06-20 14:14:48'),
(28, 29, 'WH32/75', 32, 'WHITE', 75, 25.91, '2025-06-20 14:13:40', '2025-06-20 14:14:48'),
(29, 30, '', 0, '', 0, 0, '2025-06-20 14:13:40', '2025-06-20 14:14:48'),
(30, 31, '', 0, '', 0, 0, '2025-06-20 14:13:40', '2025-06-20 14:14:48'),
(31, 32, 'WH39/45', 39, 'WHITE', 45, 16.05, '2025-06-20 14:13:40', '2025-06-20 14:14:48'),
(32, 33, 'WH39/45', 39, 'WHITE', 45, 17.83, '2025-06-20 14:13:40', '2025-06-20 14:14:48'),
(33, 34, 'WH41/75', 41, 'WHITE', 75, 42.96, '2025-06-20 14:13:40', '2025-06-20 14:14:48'),
(34, 35, 'WH36/75', 36, 'WHITE', 75, 31.55, '2025-06-20 14:13:40', '2025-06-20 14:14:48'),
(35, 36, 'WH35.5/75', 35.5, 'WHITE', 75, 30.43, '2025-06-20 14:13:40', '2025-06-20 14:14:48'),
(36, 37, '', 0, '', 0, 0, '2025-06-20 14:13:40', '2025-06-20 14:14:48'),
(37, 38, '', 0, '', 0, 0, '2025-06-20 14:13:40', '2025-06-20 14:14:48'),
(38, 39, '', 0, '', 0, 0, '2025-06-20 14:13:40', '2025-06-20 14:14:48'),
(39, 40, '', 0, '', 0, 0, '2025-06-20 14:13:40', '2025-06-20 14:14:48'),
(40, 41, '', 0, '', 0, 0, '2025-06-20 14:13:40', '2025-06-20 14:14:48'),
(41, 42, '', 0, '', 0, 0, '2025-06-20 14:13:40', '2025-06-20 14:14:48'),
(42, 43, '', 0, '', 0, 0, '2025-06-20 14:13:40', '2025-06-20 14:14:48'),
(43, 44, '', 0, '', 0, 0, '2025-06-20 14:13:40', '2025-06-20 14:14:48'),
(44, 45, 'WH40.5/45', 40.5, 'WHITE', 45, 17.59, '2025-06-20 14:13:40', '2025-06-20 14:14:48'),
(45, 46, 'WH32/75', 32, 'WHITE', 75, 25.91, '2025-06-20 14:13:40', '2025-06-20 14:14:48'),
(46, 47, 'WH32/75', 32, 'WHITE', 75, 26.21, '2025-06-20 14:13:40', '2025-06-20 14:14:48'),
(47, 48, 'WH27/75', 27, 'WHITE', 75, 18.52, '2025-06-20 14:13:40', '2025-06-20 14:14:48'),
(48, 49, '', 0, '', 0, 0, '2025-06-20 14:13:40', '2025-06-20 14:14:48'),
(49, 50, 'WH30/75', 30, 'WHITE', 75, 35.43, '2025-06-20 14:13:40', '2025-06-20 14:14:48'),
(50, 51, 'WH38/75', 38, 'WHITE', 75, 41.99, '2025-06-20 14:13:40', '2025-06-20 14:14:48'),
(51, 52, 'WH38/75', 38, 'WHITE', 75, 41.99, '2025-06-20 14:13:40', '2025-06-20 14:14:48'),
(52, 53, 'WH39/45', 39, 'WHITE', 45, 17.83, '2025-06-20 14:13:40', '2025-06-20 14:14:48'),
(53, 54, 'WH40.5/45', 40.5, 'WHITE', 45, 16.66, '2025-06-20 14:13:40', '2025-06-20 14:14:48'),
(54, 55, 'WH39/45', 39, 'WHITE', 45, 18.28, '2025-06-20 14:13:40', '2025-06-20 14:14:48'),
(55, 56, 'WH31/45', 31, 'WHITE', 45, 9.04, '2025-06-20 14:13:40', '2025-06-20 14:14:48'),
(56, 57, 'WH43/60', 43, 'WHITE', 60, 26.87, '2025-06-20 14:13:40', '2025-06-20 14:14:48'),
(57, 58, 'WH41/75', 41, 'WHITE', 75, 35.93, '2025-06-20 14:13:40', '2025-06-20 14:14:48'),
(58, 59, 'WH31/75', 31, 'WHITE', 75, 35.43, '2025-06-20 14:13:40', '2025-06-20 14:14:48'),
(59, 60, '', 0, '', 0, 0, '2025-06-20 14:13:40', '2025-06-20 14:14:48'),
(60, 61, '', 0, '', 0, 0, '2025-06-20 14:13:40', '2025-06-20 14:14:48'),
(61, 62, 'WH43.5/75', 43.5, 'WHITE', 75, 48.06, '2025-06-20 14:13:40', '2025-06-20 14:14:48'),
(62, 63, 'WH41/75', 41, 'WHITE', 75, 45.3, '2025-06-20 14:13:40', '2025-06-20 14:14:48'),
(63, 64, 'WH41/75', 41, 'WHITE', 75, 42.96, '2025-06-20 14:13:40', '2025-06-20 14:14:48'),
(64, 65, 'WH32/75', 32, 'WHITE', 75, 29.87, '2025-06-20 14:13:40', '2025-06-20 14:14:48'),
(65, 66, 'WH35/60', 35, 'WHITE', 60, 27.2, '2025-06-20 14:13:40', '2025-06-20 14:14:48'),
(66, 67, 'WH42/60', 42, 'WHITE', 60, 0, '2025-06-20 14:13:40', '2025-06-20 14:14:48'),
(67, 68, 'WH38/75', 38, 'WHITE', 75, 33.3, '2025-06-20 14:13:40', '2025-06-20 14:14:48'),
(68, 69, 'WH27/75', 27, 'WHITE', 75, 18.52, '2025-06-20 14:13:40', '2025-06-20 14:14:48'),
(69, 70, 'WH31/75', 31, 'WHITE', 75, 36.61, '2025-06-20 14:13:40', '2025-06-20 14:14:48'),
(70, 71, '', 0, '', 0, 0, '2025-06-20 14:13:40', '2025-06-20 14:14:48'),
(71, 72, '', 0, '', 0, 0, '2025-06-20 14:13:40', '2025-06-20 14:14:48'),
(72, 73, '', 0, '', 0, 0, '2025-06-20 14:13:40', '2025-06-20 14:14:48'),
(73, 74, '', 0, '', 0, 0, '2025-06-20 14:13:40', '2025-06-20 14:14:48'),
(74, 75, '', 0, '', 0, 0, '2025-06-20 14:13:40', '2025-06-20 14:14:48'),
(75, 76, '', 0, '', 0, 0, '2025-06-20 14:13:40', '2025-06-20 14:14:48'),
(76, 77, '', 0, '', 0, 0, '2025-06-20 14:13:40', '2025-06-20 14:14:48'),
(77, 78, '', 0, '', 0, 0, '2025-06-20 14:13:40', '2025-06-20 14:14:48'),
(78, 79, '', 0, '', 0, 0, '2025-06-20 14:13:40', '2025-06-20 14:14:48'),
(79, 80, '', 0, '', 0, 0, '2025-06-20 14:13:40', '2025-06-20 14:14:48'),
(80, 81, '', 0, '', 0, 0, '2025-06-20 14:13:40', '2025-06-20 14:14:48'),
(81, 82, '', 0, '', 0, 0, '2025-06-20 14:13:40', '2025-06-20 14:14:48'),
(82, 83, '', 0, '', 0, 0, '2025-06-20 14:13:40', '2025-06-20 14:14:48'),
(83, 84, '', 0, '', 0, 0, '2025-06-20 14:13:40', '2025-06-20 14:14:48'),
(84, 85, '', 0, '', 0, 0, '2025-06-20 14:13:40', '2025-06-20 14:14:48'),
(85, 86, '', 0, '', 0, 0, '2025-06-20 14:13:40', '2025-06-20 14:14:48'),
(86, 87, '', 0, '', 0, 0, '2025-06-20 14:13:40', '2025-06-20 14:14:48'),
(87, 88, '', 0, '', 0, 0, '2025-06-20 14:13:40', '2025-06-20 14:14:48'),
(88, 89, 'WH32/90', 32, 'White', 90, 0, '2025-07-31 12:15:08', '2025-07-31 12:15:08'),
(89, 101, 'WH32/90', 32, 'WHITE', 90, 0.73, '2025-07-31 12:15:00', '2025-07-31 12:15:00'),
(90, 102, 'WH32/90', 32, 'WHITE', 90, 0, '2025-07-31 12:14:54', '2025-07-31 12:14:54'),
(91, 103, 'WH32/90', 32, 'White', 90, 0.73, '2025-07-31 12:15:31', '2025-07-31 12:15:31'),
(92, 104, 'WH25.2/100', 25.2, 'White', 100, 0.06, '2025-07-07 11:59:45', '2025-07-07 11:59:45'),
(93, 105, 'WH32/90', 32, 'White', 90, 0.07, '2025-07-31 12:15:22', '2025-07-31 12:15:22'),
(94, 106, 'WH32/90', 32, 'White', 90, 0.07, '2025-07-31 12:15:16', '2025-07-31 12:15:16'),
(95, 119, 'WH20/45', 20, 'White', 45, 0.23, '2025-07-15 14:05:21', '2025-07-15 14:05:21'),
(96, 120, 'WH20/42', 20, 'White', 42, 0.21, '2025-07-16 14:43:01', '2025-07-16 14:43:01'),
(97, 121, 'WH20/70', 20, 'White', 70, 0.36, '2025-07-16 14:46:15', '2025-07-16 14:46:15'),
(98, 122, 'WH32/90', 32, 'White', 90, 0.73, '2025-07-31 12:14:08', '2025-07-31 12:14:08'),
(99, 123, 'WH20/45', 20, 'White', 45, 0.23, '2025-07-19 11:08:30', '2025-07-19 11:08:30'),
(100, 124, 'WH25.2/100', 25.2, 'White', 100, 0.64, '2025-07-21 13:22:34', '2025-07-21 13:22:34'),
(101, 125, 'WH24/100', 24, 'White', 100, 0.61, '2025-07-21 13:30:14', '2025-07-21 13:30:14'),
(102, 126, 'WH25.2/105', 25.2, 'White', 105, 1.34, '2025-07-21 13:37:40', '2025-07-21 13:37:40'),
(103, 127, 'WH25.2/100', 25.2, 'White', 100, 0.64, '2025-07-21 13:40:07', '2025-07-21 13:40:07');

-- --------------------------------------------------------

--
-- Table structure for table `job_flexo_bopp`
--

CREATE TABLE `job_flexo_bopp` (
  `id` int(11) NOT NULL,
  `job_id` int(11) NOT NULL,
  `flexo_circum` int(11) NOT NULL,
  `flexo_pet` int(11) NOT NULL,
  `box_circum` int(11) NOT NULL,
  `box_pet` int(11) NOT NULL,
  `box_count` int(11) NOT NULL,
  `created_at` timestamp NOT NULL DEFAULT current_timestamp(),
  `updated_at` timestamp NOT NULL DEFAULT current_timestamp()
) ENGINE=InnoDB DEFAULT CHARSET=latin1 COLLATE=latin1_swedish_ci;

--
-- Dumping data for table `job_flexo_bopp`
--

INSERT INTO `job_flexo_bopp` (`id`, `job_id`, `flexo_circum`, `flexo_pet`, `box_circum`, `box_pet`, `box_count`, `created_at`, `updated_at`) VALUES
(1, 55, 410, 960, 356, 318, 2, '2025-07-16 14:44:44', '2025-07-16 14:44:44'),
(2, 31, 580, 800, 320, 220, 2, '2025-07-16 14:44:44', '2025-07-16 14:44:44'),
(3, 29, 425, 820, 260, 230, 2, '2025-07-16 14:44:44', '2025-07-16 14:44:44'),
(4, 75, 420, 660, 208, 198, 2, '2025-07-16 14:44:44', '2025-07-16 14:44:44'),
(5, 76, 440, 720, 225, 213, 2, '2025-07-16 14:44:44', '2025-07-16 14:44:44'),
(6, 77, 545, 970, 334, 316, 2, '2025-07-16 14:44:44', '2025-07-16 14:44:44'),
(7, 121, 10, 10, 10, 10, 10, '2025-07-16 14:46:15', '2025-07-16 14:46:15'),
(8, 122, 10, 10, 10, 10, 10, '2025-07-16 15:05:15', '2025-07-16 15:05:15'),
(9, 123, 100, 100, 100, 1, 1, '2025-07-19 11:08:30', '2025-07-19 11:08:30'),
(10, 124, 10, 10, 10, 10, 10, '2025-07-21 13:22:34', '2025-07-21 13:22:34'),
(11, 126, 10, 10, 10, 10, 10, '2025-07-21 13:37:40', '2025-07-21 13:37:40'),
(12, 127, 1, 1, 10, 1, 1, '2025-07-21 13:40:07', '2025-07-21 13:40:07');

-- --------------------------------------------------------

--
-- Table structure for table `job_handle`
--

CREATE TABLE `job_handle` (
  `id` int(11) NOT NULL,
  `job_detail_id` int(11) NOT NULL,
  `job_handle_color` varchar(50) DEFAULT NULL,
  `job_handle_gsm` int(11) NOT NULL DEFAULT 0,
  `job_handle_weight` float NOT NULL DEFAULT 0,
  `updated_at` timestamp NOT NULL DEFAULT current_timestamp() ON UPDATE current_timestamp(),
  `created_at` timestamp NOT NULL DEFAULT current_timestamp() ON UPDATE current_timestamp()
) ENGINE=InnoDB DEFAULT CHARSET=utf8mb4 COLLATE=utf8mb4_general_ci;

--
-- Dumping data for table `job_handle`
--

INSERT INTO `job_handle` (`id`, `job_detail_id`, `job_handle_color`, `job_handle_gsm`, `job_handle_weight`, `updated_at`, `created_at`) VALUES
(1, 1, 'red', 45, 687, '2025-06-20 14:13:40', '2025-06-20 14:14:48'),
(2, 2, 'RED', 90, 3.5, '2025-06-20 14:13:40', '2025-06-20 14:14:48'),
(3, 6, 'RED', 90, 3.5, '2025-06-20 14:13:40', '2025-06-20 14:14:48'),
(4, 9, '', 90, 3.5, '2025-06-20 14:13:40', '2025-06-20 14:14:48'),
(5, 10, 'blue', 589, 359, '2025-06-20 14:13:40', '2025-06-20 14:14:48'),
(6, 11, 'Royal Blue', 90, 3.5, '2025-06-20 14:13:40', '2025-06-20 14:14:48'),
(7, 13, 'IVORY', 90, 3.5, '2025-06-20 14:13:40', '2025-06-20 14:14:48'),
(8, 14, 'BLACK', 90, 3.5, '2025-06-20 14:13:40', '2025-06-20 14:14:48'),
(9, 22, 'RED', 90, 3.5, '2025-06-20 14:13:40', '2025-06-20 14:14:48'),
(10, 36, 'Bottle Green', 90, 3.5, '2025-06-20 14:13:40', '2025-06-20 14:14:48'),
(11, 35, 'BLACK', 90, 3.5, '2025-06-20 14:13:40', '2025-06-20 14:14:48'),
(12, 34, 'BLACK', 90, 3.5, '2025-06-20 14:13:40', '2025-06-20 14:14:48'),
(13, 33, 'RED', 90, 3.5, '2025-06-20 14:13:40', '2025-06-20 14:14:48'),
(14, 32, 'BLACK', 90, 3.5, '2025-06-20 14:13:40', '2025-06-20 14:14:48'),
(15, 28, 'BLACK', 90, 3.5, '2025-06-20 14:13:40', '2025-06-20 14:14:48'),
(16, 27, 'BLACK', 90, 2.5, '2025-06-20 14:13:40', '2025-06-20 14:14:48'),
(17, 45, 'Black', 90, 3.5, '2025-06-20 14:13:40', '2025-06-20 14:14:48'),
(18, 46, 'BLACK', 90, 3.5, '2025-06-20 14:13:40', '2025-06-20 14:14:48'),
(19, 25, 'BLACK', 90, 3.5, '2025-06-20 14:13:40', '2025-06-20 14:14:48'),
(20, 47, 'Black', 90, 3.5, '2025-06-20 14:13:40', '2025-06-20 14:14:48'),
(21, 50, 'RED', 90, 3.5, '2025-06-20 14:13:40', '2025-06-20 14:14:48'),
(22, 48, 'BLACK', 90, 3.5, '2025-06-20 14:13:40', '2025-06-20 14:14:48'),
(23, 58, 'BOTTLE GREEN / BEIGE', 90, 3.5, '2025-06-20 14:13:40', '2025-06-20 14:14:48'),
(24, 63, 'BLUE', 90, 3.5, '2025-06-20 14:13:40', '2025-06-20 14:14:48'),
(25, 54, 'PINK', 90, 3.5, '2025-06-20 14:13:40', '2025-06-20 14:14:48'),
(26, 57, 'RED', 90, 3.5, '2025-06-20 14:13:40', '2025-06-20 14:14:48'),
(27, 62, 'BLACK', 90, 3.5, '2025-06-20 14:13:40', '2025-06-20 14:14:48'),
(28, 51, 'BROWN', 90, 3.5, '2025-06-20 14:13:40', '2025-06-20 14:14:48'),
(29, 52, 'BROWN', 90, 3.5, '2025-06-20 14:13:40', '2025-06-20 14:14:48'),
(30, 68, 'BOTTLE GREEN', 90, 3.5, '2025-06-20 14:13:40', '2025-06-20 14:14:48'),
(31, 69, 'RED', 90, 3.5, '2025-06-20 14:13:40', '2025-06-20 14:14:48'),
(32, 70, 'RED AND BLUE', 90, 3.5, '2025-06-20 14:13:40', '2025-06-20 14:14:48'),
(33, 65, 'RED', 90, 3.5, '2025-06-20 14:13:40', '2025-06-20 14:14:48'),
(34, 66, 'BIEGE', 90, 3.5, '2025-06-20 14:13:40', '2025-06-20 14:14:48'),
(35, 67, 'BIEGE', 90, 3.5, '2025-06-20 14:13:40', '2025-06-20 14:14:48'),
(36, 64, '', 90, 3.5, '2025-06-20 14:13:40', '2025-06-20 14:14:48'),
(37, 53, 'BIEGE', 90, 3.5, '2025-06-20 14:13:40', '2025-06-20 14:14:48'),
(38, 59, 'RED', 90, 3.5, '2025-06-20 14:13:40', '2025-06-20 14:14:48'),
(39, 56, 'BLUE', 90, 3.5, '2025-06-20 14:13:40', '2025-06-20 14:14:48'),
(40, 55, 'BLACK', 90, 3.5, '2025-06-20 14:13:40', '2025-06-20 14:14:48'),
(41, 16, '', 0, 0, '2025-06-20 14:13:40', '2025-06-20 14:14:48'),
(42, 23, 'RED', 90, 3.5, '2025-06-20 14:13:40', '2025-06-20 14:14:48'),
(43, 18, 'MEHROON(WINE TYPE)', 90, 3.5, '2025-06-20 14:13:40', '2025-06-20 14:14:48'),
(44, 24, '', 90, 3.5, '2025-06-20 14:13:40', '2025-06-20 14:14:48'),
(45, 29, 'BLACK', 90, 3.5, '2025-06-20 14:13:40', '2025-06-20 14:14:48'),
(46, 102, '10', 10, 10, '2025-06-20 14:30:26', '2025-06-20 14:30:26'),
(47, 103, '10', 10, 1, '2025-07-07 10:19:29', '2025-07-07 10:19:29'),
(48, 106, 'peela', 10, 10, '2025-07-11 13:27:21', '2025-07-11 13:27:21'),
(49, 119, 'red', 10, 10, '2025-07-15 14:05:21', '2025-07-15 14:05:21'),
(50, 120, 'white', 10, 10, '2025-07-16 14:43:01', '2025-07-16 14:43:01'),
(51, 121, 'white', 10, 10, '2025-07-16 14:46:15', '2025-07-16 14:46:15'),
(52, 122, 'red', 10, 10, '2025-07-16 15:05:15', '2025-07-16 15:05:15'),
(53, 123, 'red', 10, 15, '2025-07-19 11:08:30', '2025-07-19 11:08:30'),
(54, 124, 'red', 10, 10, '2025-07-21 13:22:34', '2025-07-21 13:22:34'),
(55, 125, 'red', 10, 10, '2025-07-21 13:30:14', '2025-07-21 13:30:14'),
(56, 126, 'red', 10, 10, '2025-07-21 13:37:40', '2025-07-21 13:37:40'),
(57, 127, 'red', 10, 10, '2025-07-21 13:40:07', '2025-07-21 13:40:07'),
(58, 128, NULL, 10, 10, '2025-08-01 11:33:07', '2025-08-01 11:33:07');

-- --------------------------------------------------------

--
-- Table structure for table `job_images`
--

CREATE TABLE `job_images` (
  `id` int(11) NOT NULL,
  `job_id` int(11) NOT NULL,
  `job_images` varchar(255) NOT NULL,
  `date` timestamp NULL DEFAULT NULL
) ENGINE=InnoDB DEFAULT CHARSET=utf8mb4 COLLATE=utf8mb4_general_ci;

--
-- Dumping data for table `job_images`
--

INSERT INTO `job_images` (`id`, `job_id`, `job_images`, `date`) VALUES
(1, 1, 'landscape1.jpg', '2022-03-17 22:19:15'),
(2, 1, 'landscape2.jpg', '2022-03-17 22:19:15'),
(3, 1, 'landscape3.jpg', '2022-03-17 22:19:15'),
(4, 1, 'landscape4.jpg', '2022-03-17 22:19:15'),
(5, 1, 'landscape5.jpg', '2022-03-17 22:19:15'),
(6, 3, 'product-7.png', '2022-03-25 01:11:23'),
(7, 3, 'product-8.png', '2022-03-25 01:11:23'),
(8, 3, 'product-11.png', '2022-03-25 01:11:23'),
(9, 3, 'product-12.png', '2022-03-25 01:11:23'),
(10, 4, 'product-7.png', '2022-03-25 05:37:08'),
(11, 4, 'product-10.png', '2022-03-25 05:37:08'),
(12, 4, 'product-12.png', '2022-03-25 05:37:08'),
(13, 10, 'product-11.png', '2022-03-29 05:42:56'),
(14, 10, 'product-12.png', '2022-03-29 05:42:56'),
(15, 18, 'roop saree.jpg', '2022-06-04 21:07:58'),
(16, 22, 'unifire 15.25x16x8 dummy.jpg', '2022-06-07 21:03:13'),
(17, 23, 'common 15 dummy.jpg', '2022-06-10 00:05:53'),
(18, 24, '66.jpg', '2022-06-10 00:14:52'),
(19, 25, 'rose 5 dummy.jpg', '2022-06-10 20:57:42'),
(20, 27, 'FASHION COMMON DUMMY.jpg', '2022-06-10 21:06:40'),
(21, 28, 'Aristea [8X10 inch_CDR] back.jpg', '2022-06-11 00:53:41'),
(22, 28, 'Aristea [8X10 inch_CDR] front.jpg', '2022-06-11 00:53:41'),
(23, 29, 'GOLDEN GIRL DUMMY.jpg', '2022-06-11 00:56:57'),
(24, 30, 'pardesi girl DUMMY.jpg', '2022-06-11 00:58:10'),
(25, 31, 'riffData 3 dummy.jpg', '2022-06-11 01:01:38'),
(26, 32, 'R.D.GOHEL 14X18 single.jpg', '2022-06-11 01:03:36'),
(27, 33, 'UTSAV 4.jpg', '2022-06-11 01:05:16'),
(28, 34, 'rosepetal 3 (2).jpg', '2022-06-11 01:08:51'),
(29, 35, 'BRFL bag 12.5x14X5 dummy.jpg', '2022-06-11 01:13:42'),
(30, 37, 'FAMOUS HANDCRAFT.jpg', '2022-06-23 21:42:12'),
(31, 38, 'UTSAV 4.jpg', '2022-06-23 21:47:23'),
(32, 39, 'SAREE ESIGN LOOP.jpg', '2022-06-23 21:50:06'),
(33, 40, 'punch sheel 14x18 2.jpg', '2022-06-23 21:52:31'),
(34, 43, 'SINDH DUMMY.jpg', '2022-07-05 20:41:37'),
(35, 44, 'dulhan 14X18.jpg', '2022-07-05 20:45:23'),
(36, 48, 'ANIMAL COMMON DESIGN dummy 1.jpg', '2022-09-01 23:19:21'),
(37, 49, 'ANIMAL COMMON DESIGN 12X13X4.jpg', '2022-09-01 23:21:55'),
(38, 50, 'gogia DUMMY.jpg', '2022-09-05 22:37:50'),
(39, 41, 'SAREE DESIGN BACK.jpg', '2022-09-08 23:57:59'),
(40, 41, 'SAREE DESIGN FRONT.jpg', '2022-09-08 23:57:59'),
(41, 52, 'SHIV SHANKAR DUMMY.jpg', '2022-09-09 00:21:47'),
(43, 16, 'reedass 16x19 2 dummy.jpg', '2022-09-10 22:50:07'),
(44, 59, 'shyam dairy 15x10x8 3 dummy.jpg', '2022-09-16 22:23:40'),
(45, 61, 'indo bag design 9 dummy.jpg', '2022-09-16 22:59:25'),
(46, 62, 'SUNNY TEXTILE BACK.jpg', '2022-09-16 23:27:40'),
(48, 63, 'indo bag design 9 dummy.jpg', '2022-09-30 01:21:36'),
(49, 64, 'sarla bag dummt.jpg', '2022-09-30 01:32:21'),
(50, 65, 'sakhawat dummy.jpg', '2022-10-01 19:28:06'),
(51, 66, 'SHUBH LAGN 20X16 5.jpg', '2022-10-01 19:32:14'),
(52, 68, 'GOYAL GARMENTS 4  d.jpg', '2022-10-09 01:57:44'),
(53, 69, 'shree nath DUMMY 2.jpg', '2022-10-09 02:00:23'),
(54, 71, '62.jpg', '2022-10-18 00:01:36'),
(55, 72, '65.jpg', '2022-10-18 00:02:45'),
(56, 73, '63.jpg', '2022-10-18 00:03:45'),
(57, 74, 'ankur mobile shoppe 3 dummy.jpg', '2022-11-02 01:44:22'),
(59, 102, 'apmvFs54f8_spider.jpg', '2025-06-20 14:30:26'),
(61, 101, 'dulhan-MKPlocalhost_indoimplexlaravel_public_dashboard.png', '2025-07-26 12:35:40'),
(62, 101, 'dulhan-MKPWhatsApp Image 2025-06-28 at 4.00.48 PM (1).jpeg', '2025-07-26 12:35:40'),
(63, 103, 'dulhan-MKP.jpg', '2025-07-30 07:06:04'),
(64, 103, 'dulhan-MKP.webp', '2025-07-30 07:06:04'),
(65, 128, 'new_job_of_this_is_test_MKP.png', '2025-08-01 16:28:18'),
(68, 128, 'new_job_of_this_is_test_MKP_688cf0c1efd8b.jpg', '2025-08-01 16:52:17');

-- --------------------------------------------------------

--
-- Table structure for table `job_kld_images`
--

CREATE TABLE `job_kld_images` (
  `id` int(11) NOT NULL,
  `job_id` int(11) NOT NULL,
  `kld_images` varchar(255) NOT NULL,
  `date` timestamp NULL DEFAULT NULL
) ENGINE=InnoDB DEFAULT CHARSET=latin1 COLLATE=latin1_swedish_ci;

--
-- Dumping data for table `job_kld_images`
--

INSERT INTO `job_kld_images` (`id`, `job_id`, `kld_images`, `date`) VALUES
(1, 3, 'product-1.png', '2022-03-25 01:11:23'),
(2, 3, 'product-2.png', '2022-03-25 01:11:23'),
(3, 3, 'product-6.png', '2022-03-25 01:11:23'),
(4, 4, 'product-6.png', '2022-03-25 05:37:08'),
(5, 4, 'product-7.png', '2022-03-25 05:37:08'),
(6, 6, 'Aqualite Neo (Clogs & Slippers).jpeg', '2022-03-26 01:29:31'),
(7, 10, 'product-6.png', '2022-03-29 05:42:56'),
(8, 10, 'product-7.png', '2022-03-29 05:42:56'),
(9, 10, 'product-8.png', '2022-03-29 05:42:56'),
(10, 11, 'SAHIL FASHION BAZAR.jpg', '2022-03-29 11:56:37'),
(11, 12, 'Aqualite Neo (Clogs & Slippers).jpeg', '2022-03-29 12:01:06'),
(12, 14, 'Ganpati Mobile The Name of Trust.jpg', '2022-03-30 06:26:00'),
(13, 13, 'Famous Creations.jpg', '2022-03-30 06:31:07'),
(14, 18, 'roop saree graviour KLD.jpg', '2022-06-04 21:07:58'),
(16, 23, 'Ghewar (1).jpg', '2022-06-10 00:05:53'),
(17, 24, 'Linr Ribbon.jpg', '2022-06-10 00:14:52'),
(19, 25, 'Rose Common.jpg', '2022-06-10 20:57:42'),
(20, 27, 'Fashion Common.jpg', '2022-06-10 21:06:40'),
(21, 28, 'Aristea (1).jpg', '2022-06-11 00:53:41'),
(22, 29, 'GOLDEN GIRL kld.jpg', '2022-06-11 00:56:57'),
(23, 30, 'pardesi girl kld.jpg', '2022-06-11 00:58:10'),
(24, 31, 'riffData KLD.jpg', '2022-06-11 01:01:38'),
(25, 32, 'R.D. Gohel Bag (1).jpg', '2022-06-11 01:03:36'),
(26, 33, 'Utsav Raas Bag (1).jpg', '2022-06-11 01:05:16'),
(27, 34, 'Rosepetal Bag (2).jpg', '2022-06-11 01:08:51'),
(28, 35, 'BR Bomaby Rayon (460x890mm).jpg', '2022-06-11 01:13:42'),
(29, 36, 'Del Monte Quality Since 1892 (1).jpg', '2022-06-11 01:15:01'),
(30, 38, 'Utsav Raas Bag (1).jpg', '2022-06-23 21:47:23'),
(31, 39, 'Saree Design 360x960mm.jpg', '2022-06-23 21:50:06'),
(32, 40, 'punch sheel 14x18 2017 (1).jpg', '2022-06-23 21:52:31'),
(33, 41, 'Saree Design (580x950mm).jpg', '2022-06-23 21:55:15'),
(34, 42, 'Gaurav-Fashion.jpg', '2022-07-05 20:38:07'),
(35, 43, 'SINDH 2017 (1).jpg', '2022-07-05 20:41:37'),
(36, 44, 'dulhan 2017 (2).jpg', '2022-07-05 20:45:23'),
(37, 47, 'Jiya Fashion Bag.jpg', '2022-08-22 04:44:51'),
(38, 48, 'ANIMAL COMMON DESIG.jpg', '2022-09-01 23:19:21'),
(40, 50, 'Gogia Bag.jpg', '2022-09-05 22:37:50'),
(43, 22, 'Unifire Beyond Innovation Bag (1).jpg', '2022-09-09 00:03:04'),
(44, 52, 'Shiv Shanker Bag (2).jpg', '2022-09-09 00:21:47'),
(46, 54, 'Monti & Saugaat Bag.jpg', '2022-09-10 01:03:37'),
(47, 16, 'reedass 16x19 2.jpg', '2022-09-10 22:50:07'),
(48, 55, 'teri teri new design KLD.jpg', '2022-09-11 01:21:49'),
(49, 51, 'Shiv Shanker Bag (3).jpg', '2022-09-14 20:05:02'),
(51, 57, '16x20 Loop Bag.jpg', '2022-09-16 22:15:27'),
(52, 58, 'Punchsheel The Salwar-Kameez Bag.jpg', '2022-09-16 22:20:14'),
(53, 59, 'Shri Ji Shyam Sweets Bag.jpg', '2022-09-16 22:23:40'),
(54, 61, 'Indo Impex Packing Excellence Bag (1).jpg', '2022-09-16 22:59:25'),
(55, 62, 'Sunny Textiles & Grimson Bag.jpg', '2022-09-16 23:27:40'),
(56, 53, 'Nayyar Heritage Bag (1).jpg', '2022-09-16 23:29:33'),
(57, 63, 'Indo Impex Packing Excellence Bag (1).jpg', '2022-09-30 01:21:36'),
(58, 64, 'Sarla Blankets & Beyond Bag.jpg', '2022-09-30 01:32:21'),
(59, 65, 'Sakhawat Bag (1).jpg', '2022-10-01 19:28:06'),
(60, 66, 'Shubhlagn Family Bag.jpg', '2022-10-01 19:32:14'),
(61, 67, 'Sugnamal Sarees Bag.jpg', '2022-10-01 19:34:31'),
(62, 68, 'Goel Garments Bag.jpg', '2022-10-09 01:57:44'),
(63, 69, 'Shri Naath Bag.jpg', '2022-10-09 02:00:23'),
(64, 70, 'AMAR BAKERY..jpg', '2022-10-09 02:04:22'),
(65, 70, 'AMAR BAKERY.jpg', '2022-10-09 02:04:22'),
(66, 49, 'ANIMAL COMMON DESIG.jpg', '2022-10-17 23:34:20'),
(67, 37, 'FAMOUS HANDCRAFT kld.jpg', '2022-10-17 23:44:56'),
(68, 15, 'AQUALITE-11-final.jpg', '2022-10-17 23:52:36'),
(69, 56, 'Modern Communications Bag (2).jpg', '2022-10-17 23:56:02'),
(70, 74, 'Ankur Mobile Shoppe Bag (1).jpg', '2022-11-02 01:44:22'),
(71, 75, 'ayat bag design final 1.jpg', '2022-11-02 01:51:50'),
(72, 76, 'ayat bag design final 2.jpg', '2022-11-02 01:53:54'),
(73, 77, 'ayat bag design final 3.jpg', '2022-11-02 01:56:00'),
(74, 78, 'LALITHAA 360X660.jpg', '2022-11-03 22:07:41'),
(75, 79, 'LALITHAA 430X810.jpg', '2022-11-03 22:08:41'),
(76, 80, 'MARKS CARRY BAG.jpg', '2022-11-06 00:04:12'),
(77, 81, 'RONAK CARRY BAG.jpg', '2022-11-06 00:05:40'),
(78, 82, 'Shagun Sweets Krishna Nagar Bag.jpg', '2022-11-06 00:38:23'),
(79, 83, 'Shagun Sweet.jpg', '2022-11-12 19:29:36'),
(80, 84, 'Home Spread Bed & Bath Bag.jpg', '2022-11-12 19:31:35'),
(81, 85, 'Monti Lucknowi Chikankari Store Bag Big.jpg', '2022-11-12 19:38:30'),
(82, 86, 'Monti Lucknowi Chikankari Store Bag Small.jpg', '2022-11-12 19:40:31'),
(83, 87, 'Jugal Kishore Jewellers Bag Big.jpg', '2022-11-12 19:42:08'),
(84, 88, 'Jugal Kishore Jewellers Bag Small.jpg', '2022-11-12 19:43:08'),
(85, 89, 'MUNNU BAG (1).jpg', '2022-11-19 23:02:52'),
(87, 102, '2WhrXVOCW5_spider.jpg', '2025-06-20 14:30:26'),
(88, 106, '6xkypwrv65_BHOOMI JHA MAM LOGO (1).png', '2025-07-11 13:27:21'),
(96, 101, 'dulhan-KLD.jpg', '2025-07-26 12:46:23'),
(102, 103, 'dulhan-KLD.pdf', '2025-07-30 14:55:18'),
(105, 128, 'new_job_of_this_is_test_KLD.pdf', '2025-08-01 11:44:13'),
(106, 128, 'new_job_of_this_is_test_KLD.png', '2025-08-01 11:44:13');

-- --------------------------------------------------------

--
-- Table structure for table `job_lamination`
--

CREATE TABLE `job_lamination` (
  `id` int(11) NOT NULL,
  `job_detail_id` int(11) NOT NULL,
  `job_lamination_mix` int(11) DEFAULT 0,
  `job_lamination_size` int(11) DEFAULT 0,
  `job_lamination_gsm` int(11) DEFAULT 0,
  `job_lamination_weight` float DEFAULT 0,
  `updated_at` timestamp NOT NULL DEFAULT current_timestamp() ON UPDATE current_timestamp(),
  `created_at` timestamp NOT NULL DEFAULT current_timestamp() ON UPDATE current_timestamp()
) ENGINE=InnoDB DEFAULT CHARSET=utf8mb4 COLLATE=utf8mb4_general_ci;

--
-- Dumping data for table `job_lamination`
--

INSERT INTO `job_lamination` (`id`, `job_detail_id`, `job_lamination_mix`, `job_lamination_size`, `job_lamination_gsm`, `job_lamination_weight`, `updated_at`, `created_at`) VALUES
(1, 1, 4554, 464, 546, 643.5, '2025-06-20 14:13:40', '2025-06-20 14:14:48'),
(2, 2, 0, 38, 15, 5.21, '2025-06-20 14:13:40', '2025-06-20 14:14:48'),
(3, 3, 4554, 8797, 548, 697706, '2025-06-20 14:13:40', '2025-06-20 14:14:48'),
(4, 4, 4554, 8797, 35, 5943.62, '2025-06-20 14:13:40', '2025-06-20 14:14:48'),
(5, 5, 0, 0, 0, 0, '2025-06-20 14:13:40', '2025-06-20 14:14:48'),
(6, 6, 0, 29, 15, 5.08, '2025-06-20 14:13:40', '2025-06-20 14:14:48'),
(7, 7, 0, 0, 0, 0, '2025-06-20 14:13:40', '2025-06-20 14:14:48'),
(8, 8, 0, 0, 0, 0, '2025-06-20 14:13:40', '2025-06-20 14:14:48'),
(9, 9, 0, 42, 15, 6.4, '2025-06-20 14:13:40', '2025-06-20 14:14:48'),
(10, 10, 589, 20, 598, 2122.54, '2025-06-20 14:13:40', '2025-06-20 14:14:48'),
(11, 11, 0, 36, 15, 7, '2025-06-20 14:13:40', '2025-06-20 14:14:48'),
(12, 12, 0, 30, 15, 5.26, '2025-06-20 14:13:40', '2025-06-20 14:14:48'),
(13, 13, 0, 39, 15, 5.35, '2025-06-20 14:13:40', '2025-06-20 14:14:48'),
(14, 14, 0, 35, 15, 8.13, '2025-06-20 14:13:40', '2025-06-20 14:14:48'),
(15, 15, 0, 40, 15, 6.25, '2025-06-20 14:13:40', '2025-06-20 14:14:48'),
(16, 16, 0, 40, 15, 6.17, '2025-06-20 14:13:40', '2025-06-20 14:14:48'),
(17, 17, 0, 38, 15, 5.21, '2025-06-20 14:13:40', '2025-06-20 14:14:48'),
(18, 18, 0, 41, 15, 6.33, '2025-06-20 14:13:40', '2025-06-20 14:14:48'),
(19, 19, 35, 32, 58, 23.57, '2025-06-20 14:13:40', '2025-06-20 14:14:48'),
(20, 20, 0, 0, 0, 0, '2025-06-20 14:13:40', '2025-06-20 14:14:48'),
(21, 21, 0, 43, 15, 9.99, '2025-06-20 14:13:40', '2025-06-20 14:14:48'),
(22, 22, 0, 44, 15, 10.11, '2025-06-20 14:13:40', '2025-06-20 14:14:48'),
(23, 23, 0, 29, 15, 5.75, '2025-06-20 14:13:40', '2025-06-20 14:14:48'),
(24, 24, 0, 31, 15, 5.02, '2025-06-20 14:13:40', '2025-06-20 14:14:48'),
(25, 25, 0, 29, 15, 4.7, '2025-06-20 14:13:40', '2025-06-20 14:14:48'),
(26, 26, 0, 0, 0, 0, '2025-06-20 14:13:40', '2025-06-20 14:14:48'),
(27, 27, 0, 32, 15, 6.1, '2025-06-20 14:13:40', '2025-06-20 14:14:48'),
(28, 28, 0, 36, 15, 5.55, '2025-06-20 14:13:40', '2025-06-20 14:14:48'),
(29, 29, 0, 32, 15, 5.18, '2025-06-20 14:13:40', '2025-06-20 14:14:48'),
(30, 30, 0, 0, 0, 0, '2025-06-20 14:13:40', '2025-06-20 14:14:48'),
(31, 31, 0, 0, 0, 0, '2025-06-20 14:13:40', '2025-06-20 14:14:48'),
(32, 32, 0, 39, 15, 5.35, '2025-06-20 14:13:40', '2025-06-20 14:14:48'),
(33, 33, 0, 39, 15, 5.94, '2025-06-20 14:13:40', '2025-06-20 14:14:48'),
(34, 34, 0, 41, 15, 8.59, '2025-06-20 14:13:40', '2025-06-20 14:14:48'),
(35, 35, 0, 36, 15, 6.31, '2025-06-20 14:13:40', '2025-06-20 14:14:48'),
(36, 36, 0, 36, 15, 6.09, '2025-06-20 14:13:40', '2025-06-20 14:14:48'),
(37, 37, 0, 0, 0, 0, '2025-06-20 14:13:40', '2025-06-20 14:14:48'),
(38, 38, 0, 0, 0, 0, '2025-06-20 14:13:40', '2025-06-20 14:14:48'),
(39, 39, 0, 0, 0, 0, '2025-06-20 14:13:40', '2025-06-20 14:14:48'),
(40, 40, 0, 0, 0, 0, '2025-06-20 14:13:40', '2025-06-20 14:14:48'),
(41, 41, 0, 0, 0, 0, '2025-06-20 14:13:40', '2025-06-20 14:14:48'),
(42, 42, 0, 0, 0, 0, '2025-06-20 14:13:40', '2025-06-20 14:14:48'),
(43, 43, 0, 0, 0, 0, '2025-06-20 14:13:40', '2025-06-20 14:14:48'),
(44, 44, 0, 0, 0, 0, '2025-06-20 14:13:40', '2025-06-20 14:14:48'),
(45, 45, 0, 41, 15, 5.86, '2025-06-20 14:13:40', '2025-06-20 14:14:48'),
(46, 46, 0, 32, 15, 5.18, '2025-06-20 14:13:40', '2025-06-20 14:14:48'),
(47, 47, 0, 32, 15, 5.24, '2025-06-20 14:13:40', '2025-06-20 14:14:48'),
(48, 48, 0, 27, 15, 3.7, '2025-06-20 14:13:40', '2025-06-20 14:14:48'),
(49, 49, 0, 0, 0, 0, '2025-06-20 14:13:40', '2025-06-20 14:14:48'),
(50, 50, 0, 30, 15, 7.09, '2025-06-20 14:13:40', '2025-06-20 14:14:48'),
(51, 51, 0, 38, 15, 8.4, '2025-06-20 14:13:40', '2025-06-20 14:14:48'),
(52, 52, 0, 38, 15, 8.4, '2025-06-20 14:13:40', '2025-06-20 14:14:48'),
(53, 53, 0, 39, 15, 5.94, '2025-06-20 14:13:40', '2025-06-20 14:14:48'),
(54, 54, 0, 41, 15, 5.55, '2025-06-20 14:13:40', '2025-06-20 14:14:48'),
(55, 55, 0, 39, 15, 6.09, '2025-06-20 14:13:40', '2025-06-20 14:14:48'),
(56, 56, 0, 31, 15, 6.02, '2025-06-20 14:13:40', '2025-06-20 14:14:48'),
(57, 57, 0, 43, 15, 6.72, '2025-06-20 14:13:40', '2025-06-20 14:14:48'),
(58, 58, 0, 41, 20, 9.58, '2025-06-20 14:13:40', '2025-06-20 14:14:48'),
(59, 59, 0, 31, 15, 7.09, '2025-06-20 14:13:40', '2025-06-20 14:14:48'),
(60, 60, 0, 0, 0, 0, '2025-06-20 14:13:40', '2025-06-20 14:14:48'),
(61, 61, 0, 0, 0, 0, '2025-06-20 14:13:40', '2025-06-20 14:14:48'),
(62, 62, 0, 44, 15, 9.61, '2025-06-20 14:13:40', '2025-06-20 14:14:48'),
(63, 63, 0, 41, 15, 9.06, '2025-06-20 14:13:40', '2025-06-20 14:14:48'),
(64, 64, 0, 41, 15, 8.59, '2025-06-20 14:13:40', '2025-06-20 14:14:48'),
(65, 65, 0, 32, 20, 7.97, '2025-06-20 14:13:40', '2025-06-20 14:14:48'),
(66, 66, 0, 35, 15, 6.8, '2025-06-20 14:13:40', '2025-06-20 14:14:48'),
(67, 67, 0, 42, 15, 6.56, '2025-06-20 14:13:40', '2025-06-20 14:14:48'),
(68, 68, 0, 38, 15, 6.66, '2025-06-20 14:13:40', '2025-06-20 14:14:48'),
(69, 69, 0, 27, 15, 3.7, '2025-06-20 14:13:40', '2025-06-20 14:14:48'),
(70, 70, 0, 31, 15, 7.32, '2025-06-20 14:13:40', '2025-06-20 14:14:48'),
(71, 71, 0, 0, 0, 0, '2025-06-20 14:13:40', '2025-06-20 14:14:48'),
(72, 72, 0, 0, 0, 0, '2025-06-20 14:13:40', '2025-06-20 14:14:48'),
(73, 73, 0, 0, 0, 0, '2025-06-20 14:13:40', '2025-06-20 14:14:48'),
(74, 74, 0, 0, 0, 0, '2025-06-20 14:13:40', '2025-06-20 14:14:48'),
(75, 75, 0, 0, 0, 0, '2025-06-20 14:13:40', '2025-06-20 14:14:48'),
(76, 76, 0, 0, 0, 0, '2025-06-20 14:13:40', '2025-06-20 14:14:48'),
(77, 77, 0, 0, 0, 0, '2025-06-20 14:13:40', '2025-06-20 14:14:48'),
(78, 78, 0, 0, 0, 0, '2025-06-20 14:13:40', '2025-06-20 14:14:48'),
(79, 79, 0, 0, 0, 0, '2025-06-20 14:13:40', '2025-06-20 14:14:48'),
(80, 80, 0, 0, 0, 0, '2025-06-20 14:13:40', '2025-06-20 14:14:48'),
(81, 81, 0, 0, 0, 0, '2025-06-20 14:13:40', '2025-06-20 14:14:48'),
(82, 82, 0, 0, 0, 0, '2025-06-20 14:13:40', '2025-06-20 14:14:48'),
(83, 83, 0, 0, 0, 0, '2025-06-20 14:13:40', '2025-06-20 14:14:48'),
(84, 84, 0, 0, 0, 0, '2025-06-20 14:13:40', '2025-06-20 14:14:48'),
(85, 85, 0, 0, 0, 0, '2025-06-20 14:13:40', '2025-06-20 14:14:48'),
(86, 86, 0, 0, 0, 0, '2025-06-20 14:13:40', '2025-06-20 14:14:48'),
(87, 87, 0, 0, 0, 0, '2025-06-20 14:13:40', '2025-06-20 14:14:48'),
(88, 88, 0, 0, 0, 0, '2025-06-20 14:13:40', '2025-06-20 14:14:48'),
(89, 89, 10, 32, 10, 0, '2025-07-01 08:06:17', '2025-07-01 08:06:17'),
(90, 102, 10, 32, 10, 0, '2025-06-20 14:30:26', '2025-06-20 14:30:26'),
(91, 103, 10, 32, 10, 0.01, '2025-07-07 10:19:29', '2025-07-07 10:19:29'),
(92, 104, 10, 25, 1, 0, '2025-07-07 12:00:55', '2025-07-07 12:00:55'),
(93, 105, 10, 32, 10, 0.01, '2025-07-09 08:12:44', '2025-07-09 08:12:44'),
(94, 106, 10, 32, 10, 0.01, '2025-07-11 13:27:21', '2025-07-11 13:27:21'),
(95, 112, 0, 0, 0, 0, '2025-07-12 06:18:21', '2025-07-12 06:18:21'),
(96, 114, 0, 0, 0, 0, '2025-07-12 09:00:17', '2025-07-12 09:00:17'),
(97, 115, 0, 0, 0, 0, '2025-07-12 09:44:26', '2025-07-12 09:44:26'),
(98, 116, 0, 0, 0, 0, '2025-07-12 10:03:19', '2025-07-12 10:03:19'),
(99, 117, 0, NULL, 0, 0, '2025-07-13 15:53:12', '2025-07-13 15:53:12'),
(100, 118, 0, 0, 0, 0, '2025-07-15 09:34:22', '2025-07-15 09:34:22'),
(101, 101, NULL, 32, NULL, 0, '2025-07-26 12:35:40', '2025-07-26 12:35:40'),
(102, 119, 10, 20, 10, 0.05, '2025-07-15 14:05:21', '2025-07-15 14:05:21'),
(103, 120, 10, 20, 10, 0.05, '2025-07-16 14:43:01', '2025-07-16 14:43:01'),
(104, 121, 10, 20, 1, 0.01, '2025-07-16 14:46:15', '2025-07-16 14:46:15'),
(105, 122, 10, 32, 10, 0.08, '2025-07-16 15:05:15', '2025-07-16 15:05:15'),
(106, 123, 100, 20, 10, 0.05, '2025-07-19 11:08:30', '2025-07-19 11:08:30'),
(107, 124, 123, 25, 10, 0.06, '2025-07-21 13:22:34', '2025-07-21 13:22:34'),
(108, 125, 10, 24, 10, 0.06, '2025-07-21 13:30:14', '2025-07-21 13:30:14'),
(109, 126, 345, 25, 10, 0.13, '2025-07-27 16:32:00', '2025-07-27 16:32:00'),
(110, 127, 123, 25, 10, 0.06, '2025-07-21 13:40:07', '2025-07-21 13:40:07'),
(111, 128, 10, NULL, 10, 3.2, '2025-08-01 11:37:08', '2025-08-01 11:37:08');

-- --------------------------------------------------------

--
-- Table structure for table `job_metalised`
--

CREATE TABLE `job_metalised` (
  `id` int(11) NOT NULL,
  `job_detail_id` int(11) DEFAULT NULL,
  `metal_item_code` varchar(80) NOT NULL,
  `job_metal_size` int(11) NOT NULL,
  `job_metal_type` varchar(60) NOT NULL,
  `job_metal_micron` int(11) NOT NULL,
  `job_metal_weight` float NOT NULL,
  `updated_at` timestamp NOT NULL DEFAULT current_timestamp() ON UPDATE current_timestamp(),
  `created_at` timestamp NOT NULL DEFAULT current_timestamp() ON UPDATE current_timestamp()
) ENGINE=InnoDB DEFAULT CHARSET=utf8mb4 COLLATE=utf8mb4_general_ci;

--
-- Dumping data for table `job_metalised`
--

INSERT INTO `job_metalised` (`id`, `job_detail_id`, `metal_item_code`, `job_metal_size`, `job_metal_type`, `job_metal_micron`, `job_metal_weight`, `updated_at`, `created_at`) VALUES
(1, 1, '', 549, '', 6587, 329.08, '2025-06-20 14:13:40', '2025-06-20 14:14:48'),
(2, 63, 'G760/15', 760, 'Gloss', 15, 6.02, '2025-06-20 14:13:40', '2025-06-20 14:14:48'),
(3, 54, 'ME920/15', 920, 'Metalise', 15, 4.52, '2025-06-20 14:13:40', '2025-06-20 14:14:48'),
(4, 70, 'ME760/15', 760, 'Metalise', 15, 6.43, '2025-06-20 14:13:40', '2025-06-20 14:14:48'),
(5, 64, 'ME1030/15', 1030, 'ME1030/15', 15, 7.73, '2025-06-20 14:13:40', '2025-06-20 14:14:48'),
(6, 59, 'ME760/15', 760, 'Metalise', 15, 6.22, '2025-06-20 14:13:40', '2025-06-20 14:14:48'),
(7, 55, 'ME960/15', 960, 'Metalise', 15, 5.37, '2025-06-20 14:13:40', '2025-06-20 14:14:48'),
(8, 29, 'ME810/15', 810, 'Metalise', 15, 4.7, '2025-06-20 14:13:40', '2025-06-20 14:14:48'),
(9, 101, 'G1020/15', 1020, 'G', 15, 0, '2025-06-20 14:25:33', '2025-06-20 14:25:33'),
(10, 102, 'G1020/15', 1020, 'G', 15, 0, '2025-06-20 14:30:26', '2025-06-20 14:30:26'),
(11, 103, 'G1030/12', 1030, 'G', 12, 0.01, '2025-07-07 10:19:28', '2025-07-07 10:19:28'),
(12, NULL, 'G1020/15', 1020, 'G', 15, 0.28, '2025-07-27 16:08:43', '2025-07-27 16:08:43'),
(13, NULL, 'G1020/15', 1020, 'G', 15, 0.28, '2025-07-27 16:08:51', '2025-07-27 16:08:51'),
(14, 126, 'G1020/15', 1020, 'G', 15, 0.28, '2025-07-27 16:32:00', '2025-07-27 16:32:00');

-- --------------------------------------------------------

--
-- Table structure for table `job_suppression_images`
--

CREATE TABLE `job_suppression_images` (
  `id` int(11) NOT NULL,
  `job_id` int(11) NOT NULL,
  `kld_images` varchar(255) NOT NULL,
  `date` timestamp NULL DEFAULT NULL
) ENGINE=InnoDB DEFAULT CHARSET=latin1 COLLATE=latin1_swedish_ci;

-- --------------------------------------------------------

--
-- Table structure for table `job_type`
--

CREATE TABLE `job_type` (
  `id` int(11) NOT NULL,
  `name` varchar(200) NOT NULL,
  `created_at` timestamp NULL DEFAULT NULL,
  `updated_at` timestamp NULL DEFAULT NULL
) ENGINE=InnoDB DEFAULT CHARSET=utf8mb4 COLLATE=utf8mb4_general_ci;

-- --------------------------------------------------------

--
-- Table structure for table `logs`
--

CREATE TABLE `logs` (
  `id` bigint(20) UNSIGNED NOT NULL,
  `user_id` bigint(20) UNSIGNED DEFAULT NULL,
  `module` varchar(255) NOT NULL,
  `action` varchar(255) NOT NULL,
  `comments` text DEFAULT NULL,
  `action_date` timestamp NOT NULL DEFAULT current_timestamp(),
  `created_at` timestamp NULL DEFAULT NULL,
  `updated_at` timestamp NULL DEFAULT NULL
) ENGINE=InnoDB DEFAULT CHARSET=utf8mb4 COLLATE=utf8mb4_unicode_ci;

--
-- Dumping data for table `logs`
--

INSERT INTO `logs` (`id`, `user_id`, `module`, `action`, `comments`, `action_date`, `created_at`, `updated_at`) VALUES
(1, 1, 'User', 'change Passoword', 'Status changed for the user with ID 40', '2025-07-17 17:09:21', '2025-07-17 17:09:21', '2025-07-17 17:09:21'),
(2, 1, 'Job Details', 'Approve Job', 'Job Approved of Id 0121', '2025-07-19 09:57:24', '2025-07-19 09:57:24', '2025-07-19 09:57:24'),
(3, 1, 'User', 'change Passoword', 'Status changed for the user with Name Designer', '2025-07-19 11:00:36', '2025-07-19 11:00:37', '2025-07-19 11:00:37'),
(4, 40, 'Job Details', 'Job Saved', 'Job Saved of Id 0123', '2025-07-19 11:08:30', '2025-07-19 11:08:30', '2025-07-19 11:08:30'),
(5, 1, 'User', 'change Passoword', 'Status changed for the user with Name Designer', '2025-07-19 17:50:59', '2025-07-19 17:50:59', '2025-07-19 17:50:59'),
(6, 1, 'User', 'change Passoword', 'Status changed for the user with Name Designer', '2025-07-19 17:51:52', '2025-07-19 17:51:52', '2025-07-19 17:51:52'),
(7, 1, 'User', 'change Passoword', 'Status changed for the user with Name Designer', '2025-07-19 17:52:03', '2025-07-19 17:52:03', '2025-07-19 17:52:03'),
(8, 1, 'User', 'change Passoword', 'Status changed for the user with Name Designer', '2025-07-19 17:53:37', '2025-07-19 17:53:37', '2025-07-19 17:53:37'),
(9, 1, 'Job Details', 'Job Saved', 'Job Saved of Id 0124', '2025-07-21 13:22:34', '2025-07-21 13:22:34', '2025-07-21 13:22:34'),
(10, 1, 'Job Details', 'Job Saved', 'Job Saved of Id 0126', '2025-07-21 13:37:40', '2025-07-21 13:37:40', '2025-07-21 13:37:40'),
(11, 1, 'Job Details', 'Job Submitted', 'Job Submitted of Id 0127', '2025-07-21 13:40:07', '2025-07-21 13:40:07', '2025-07-21 13:40:07'),
(12, 1, 'Job Details', 'Job Saved and Updated', 'Job Saved of Id 0121', '2025-07-22 13:38:31', '2025-07-22 13:38:31', '2025-07-22 13:38:31'),
(13, 1, 'Job Details', 'Job Saved and Updated', 'Job Saved of Id 0126', '2025-07-22 13:49:35', '2025-07-22 13:49:35', '2025-07-22 13:49:35'),
(14, 1, 'Job Details', 'Job Submitted and Updated', 'Job Submitted of Id 0126', '2025-07-22 13:49:54', '2025-07-22 13:49:54', '2025-07-22 13:49:54'),
(15, 1, 'Job Details', 'Job Saved and Updated', 'Job Saved of Id 0126', '2025-07-23 13:10:33', '2025-07-23 13:10:33', '2025-07-23 13:10:33'),
(16, 1, 'Job Details', 'Job Saved and Updated', 'Job Saved of Id 0126', '2025-07-23 13:17:03', '2025-07-23 13:17:03', '2025-07-23 13:17:03'),
(17, 1, 'Job Details', 'Job Saved and Updated', 'Job Saved of Id 0126', '2025-07-23 13:31:00', '2025-07-23 13:31:00', '2025-07-23 13:31:00'),
(18, 1, 'Job Details', 'Job Saved and Updated', 'Job Saved of Id 0126', '2025-07-23 13:32:53', '2025-07-23 13:32:53', '2025-07-23 13:32:53'),
(19, 1, 'Job Details', 'Job Saved and Updated', 'Job Saved of Id 0126', '2025-07-23 13:37:35', '2025-07-23 13:37:35', '2025-07-23 13:37:35'),
(20, 1, 'Job Details', 'Job Saved and Updated', 'Job Saved of Id 0126', '2025-07-23 13:37:58', '2025-07-23 13:37:58', '2025-07-23 13:37:58'),
(21, 1, 'Job Details', 'Job Saved and Updated', 'Job Saved of Id 0126', '2025-07-23 13:38:43', '2025-07-23 13:38:43', '2025-07-23 13:38:43'),
(22, 1, 'Job Details', 'Job Saved and Updated', 'Job Saved of Id 0126', '2025-07-24 14:50:56', '2025-07-24 14:50:57', '2025-07-24 14:50:57'),
(23, 1, 'Job Details', 'Job Saved and Updated', 'Job Saved of Id 0126', '2025-07-26 09:48:53', '2025-07-26 09:48:54', '2025-07-26 09:48:54'),
(24, 1, 'Job Details', 'Job Saved and Updated', 'Job Saved of Id 0100', '2025-07-26 12:35:40', '2025-07-26 12:35:40', '2025-07-26 12:35:40'),
(25, 1, 'Job Details', 'Job Saved and Updated', 'Job Saved of Id 0100', '2025-07-26 12:43:34', '2025-07-26 12:43:34', '2025-07-26 12:43:34'),
(26, 1, 'Job Details', 'Job Saved and Updated', 'Job Saved of Id 0100', '2025-07-26 12:46:23', '2025-07-26 12:46:23', '2025-07-26 12:46:23'),
(27, 1, 'Job Details', 'Job Saved and Updated', 'Job Saved of Id 0126', '2025-07-27 16:08:51', '2025-07-27 16:08:51', '2025-07-27 16:08:51'),
(28, 1, 'Job Details', 'Job Saved and Updated', 'Job Saved of Id 0126', '2025-07-27 16:32:00', '2025-07-27 16:32:00', '2025-07-27 16:32:00'),
(29, 1, 'Job Details', 'Job Submitted and Updated', 'Job Submitted of Id 0102', '2025-07-30 07:06:04', '2025-07-30 07:06:05', '2025-07-30 07:06:05'),
(30, 1, 'Job Details', 'Job Submitted and Updated', 'Job Submitted of Id 0102', '2025-07-30 07:06:34', '2025-07-30 07:06:34', '2025-07-30 07:06:34'),
(31, 1, 'Job Details', 'Job Submitted and Updated', 'Job Submitted of Id 0102', '2025-07-30 07:06:54', '2025-07-30 07:06:54', '2025-07-30 07:06:54'),
(32, 1, 'Job Details', 'Job Saved and Updated', 'Job Saved of Id 0102', '2025-07-30 14:55:18', '2025-07-30 14:55:18', '2025-07-30 14:55:18'),
(33, 1, 'Job Details', 'Job Saved and Updated', 'Job Saved of Id 0102', '2025-07-31 12:12:36', '2025-07-31 12:12:37', '2025-07-31 12:12:37'),
(34, 1, 'Job Details', 'Job Saved', 'Job Saved of Id 0128', '2025-08-01 11:33:07', '2025-08-01 11:33:07', '2025-08-01 11:33:07'),
(35, 1, 'Job Details', 'Job Saved and Updated', 'Job Saved of Id 0128', '2025-08-01 11:37:08', '2025-08-01 11:37:08', '2025-08-01 11:37:08'),
(36, 1, 'Job Details', 'Job Saved and Updated', 'Job Saved of Id 0128', '2025-08-01 11:37:20', '2025-08-01 11:37:20', '2025-08-01 11:37:20'),
(37, 1, 'Job Details', 'Job Saved and Updated', 'Job Saved of Id 0128', '2025-08-01 11:44:13', '2025-08-01 11:44:13', '2025-08-01 11:44:13'),
(38, 1, 'Job Details', 'Job Saved and Updated', 'Job Saved of Id 0128', '2025-08-01 15:56:13', '2025-08-01 15:56:13', '2025-08-01 15:56:13'),
(39, 1, 'Job Details', 'Job Saved and Updated', 'Job Saved of Id 0128', '2025-08-01 16:28:18', '2025-08-01 16:28:18', '2025-08-01 16:28:18'),
(40, 1, 'Job Details', 'Job Saved and Updated', 'Job Saved of Id 0128', '2025-08-01 16:28:36', '2025-08-01 16:28:36', '2025-08-01 16:28:36'),
(41, 1, 'Job Details', 'Job Saved and Updated', 'Job Saved of Id 0128', '2025-08-01 16:30:20', '2025-08-01 16:30:20', '2025-08-01 16:30:20'),
(42, 1, 'Job Details', 'Job Saved and Updated', 'Job Saved of Id 0128', '2025-08-01 16:52:17', '2025-08-01 16:52:18', '2025-08-01 16:52:18');

-- --------------------------------------------------------

--
-- Table structure for table `main_admin`
--

CREATE TABLE `main_admin` (
  `id` int(11) NOT NULL,
  `first_name` varchar(50) NOT NULL,
  `last_name` varchar(50) NOT NULL,
  `email` varchar(255) NOT NULL,
  `username` varchar(50) NOT NULL,
  `hashed_password` varchar(255) NOT NULL,
  `type` varchar(30) NOT NULL,
  `created_at` timestamp NOT NULL DEFAULT current_timestamp(),
  `updated_at` timestamp NOT NULL DEFAULT current_timestamp(),
  `deleted_at` timestamp NULL DEFAULT NULL
) ENGINE=InnoDB DEFAULT CHARSET=utf8mb4 COLLATE=utf8mb4_general_ci;

--
-- Dumping data for table `main_admin`
--

INSERT INTO `main_admin` (`id`, `first_name`, `last_name`, `email`, `username`, `hashed_password`, `type`, `created_at`, `updated_at`, `deleted_at`) VALUES
(1, 'IndoImpex', '', 'info@indoimpex.in', 'IndoImpex_21', '$2y$10$TPmHhOl9b5eA8SoHA6IY..I.My8s5wf0S7RbazYt4g6U8pxV.hdo.', 'Super Admin', '2025-06-14 12:59:24', '2025-06-14 12:59:24', NULL),
(8, 'Abhishek', 'Kumar', 'abhishek.indoimpex@gmail.com', 'abhishek_indo', '$2y$10$F46jUKL/mCf.ex3dNb5kT./VuzOPCB03VIfXpGp7tGVpvjURoA2DG', 'Production', '2025-06-14 12:59:24', '2025-06-14 12:59:24', NULL),
(9, 'Tushar', 'Garg', 'tushar.garg@indoimpex.in', 'tushar_indo', '$2y$10$etZt6GcIPiFwLgiZJUnboeACYDWziJR078ebrtYj7RuAXFJvZL6Sq', 'Dispatch', '2025-06-14 12:59:24', '2025-06-14 12:59:24', NULL),
(10, 'Nitesh', 'Kumar', 'nitesh.kumar@gmail.com', 'Nitesh_indo', '$2y$10$oMmqrmPO4A9/RkkZTlHfvu/9OpF0erRxNTWmbwdv8b/d.yQ6IJejW', 'Accountant', '2025-06-14 12:59:24', '2025-06-14 12:59:24', NULL),
(11, 'Abhishek', 'Maurya', 'abhishek@eminence.com', 'AbhishekMaurya', '$2y$10$R3getZn0o/CV3vTpepBNrOgzOq864AmJP8ptHOPGVzAVb3W6rPRPq', 'Production', '2025-06-14 12:59:24', '2025-06-14 12:59:24', NULL),
(12, 'test', 'test', 'test@gmail.com', 'test123', '$2y$10$lZXPCp1DNP0aBOp5ybmp4.V3dE4Y0TGpiv2D23/sVEX/GloRg3osi', 'Admin', '2025-06-14 13:38:38', '2025-06-14 13:57:14', '2025-06-14 13:57:14');

-- --------------------------------------------------------

--
-- Table structure for table `master_bopp`
--

CREATE TABLE `master_bopp` (
  `id` int(11) NOT NULL,
  `item_code` varchar(100) NOT NULL,
  `bopp_size` varchar(50) NOT NULL,
  `bopp_category` varchar(50) NOT NULL,
  `bopp_micron` varchar(50) NOT NULL,
  `created_at` timestamp NULL DEFAULT NULL,
  `updated_at` timestamp NOT NULL DEFAULT current_timestamp()
) ENGINE=InnoDB DEFAULT CHARSET=utf8mb4 COLLATE=utf8mb4_general_ci;

--
-- Dumping data for table `master_bopp`
--

INSERT INTO `master_bopp` (`id`, `item_code`, `bopp_size`, `bopp_category`, `bopp_micron`, `created_at`, `updated_at`) VALUES
(1, 'G1020/15', '1020', 'G', '15', NULL, '2025-07-03 05:41:10'),
(2, 'G1030/12', '1030', 'G', '12', NULL, '2025-07-03 05:41:10'),
(3, 'G1030/15', '1030', 'G', '15', NULL, '2025-07-03 05:41:10'),
(4, 'G1040/15', '1040', 'G', '15', NULL, '2025-07-03 05:41:10'),
(5, 'G1065/12', '1065', 'G', '12', NULL, '2025-07-03 05:41:10'),
(6, 'G1065/15', '1065', 'G', '15', NULL, '2025-07-03 05:41:10'),
(7, 'G410/15', '410', 'G', '15', NULL, '2025-07-03 05:41:10'),
(8, 'G450/15', '450', 'G', '15', NULL, '2025-07-03 05:41:10'),
(9, 'G510/12', '510', 'G', '12', NULL, '2025-07-03 05:41:10'),
(10, 'G510/15', '510', 'G', '15', NULL, '2025-07-03 05:41:10'),
(11, 'G520/15', '520', 'G', '15', NULL, '2025-07-03 05:41:10'),
(12, 'G570/15', '570', 'G', '15', NULL, '2025-07-03 05:41:10'),
(13, 'G580/15', '580', 'G', '15', NULL, '2025-07-03 05:41:10'),
(14, 'G590/15', '590', 'G', '15', NULL, '2025-07-03 05:41:10'),
(15, 'G610/15', '610', 'G', '15', NULL, '2025-07-03 05:41:10'),
(16, 'G620/15', '620', 'G', '15', NULL, '2025-07-03 05:41:10'),
(17, 'G630/15', '630', 'G', '15', NULL, '2025-07-03 05:41:10'),
(18, 'G640/15', '640', 'G', '15', NULL, '2025-07-03 05:41:10'),
(19, 'G680/15', '680', 'G', '15', NULL, '2025-07-03 05:41:10'),
(20, 'G685/15', '685', 'G', '15', NULL, '2025-07-03 05:41:10'),
(21, 'G750/15', '750', 'G', '15', NULL, '2025-07-03 05:41:10'),
(22, 'G760/15', '760', 'G', '15', NULL, '2025-07-03 05:41:10'),
(23, 'G780/15', '780', 'G', '15', NULL, '2025-07-03 05:41:10'),
(24, 'G800/15', '800', 'G', '15', NULL, '2025-07-03 05:41:10'),
(25, 'G810/15', '810', 'G', '15', NULL, '2025-07-03 05:41:10'),
(26, 'G880/15', '880', 'G', '15', NULL, '2025-07-03 05:41:10'),
(27, 'G880/18', '880', 'G', '18', NULL, '2025-07-03 05:41:10'),
(28, 'G910/15', '910', 'G', '15', NULL, '2025-07-03 05:41:10'),
(29, 'G940/15', '940', 'G', '15', NULL, '2025-07-03 05:41:10'),
(30, 'G970/15', '970', 'G', '15', NULL, '2025-07-03 05:41:10'),
(31, 'G990/15', '990', 'G', '15', NULL, '2025-07-03 05:41:10'),
(32, 'G990/18', '990', 'G', '18', NULL, '2025-07-03 05:41:10'),
(33, 'M1020/15', '1020', 'M', '15', NULL, '2025-07-03 05:41:10'),
(34, 'M1030/12', '1030', 'M', '12', NULL, '2025-07-03 05:41:10'),
(35, 'M1030/15', '1030', 'M', '15', NULL, '2025-07-03 05:41:10'),
(36, 'M1040/15', '1040', 'M', '15', NULL, '2025-07-03 05:41:10'),
(37, 'M1100/12', '1100', 'M', '12', NULL, '2025-07-03 05:41:10'),
(38, 'M1100/15', '1100', 'M', '15', NULL, '2025-07-03 05:41:10'),
(39, 'M1150/12', '1150', 'M', '12', NULL, '2025-07-03 05:41:10'),
(40, 'M1150/15', '1150', 'M', '15', NULL, '2025-07-03 05:41:10'),
(41, 'M1240/15', '1240', 'M', '15', NULL, '2025-07-03 05:41:10'),
(42, 'M430/15', '430', 'M', '15', NULL, '2025-07-03 05:41:10'),
(43, 'M450/15', '450', 'M', '15', NULL, '2025-07-03 05:41:10'),
(44, 'M455/15', '455', 'M', '15', NULL, '2025-07-03 05:41:10'),
(45, 'M510/12', '510', 'M', '12', NULL, '2025-07-03 05:41:10'),
(46, 'M510/15', '510', 'M', '15', NULL, '2025-07-03 05:41:10'),
(47, 'M520/15', '520', 'M', '15', NULL, '2025-07-03 05:41:10'),
(48, 'M560/15', '560', 'M', '15', NULL, '2025-07-03 05:41:10'),
(49, 'M575/15', '575', 'M', '15', NULL, '2025-07-03 05:41:10'),
(50, 'M590/15', '590', 'M', '15', NULL, '2025-07-03 05:41:10'),
(51, 'M610/15', '610', 'M', '15', NULL, '2025-07-03 05:41:10'),
(52, 'M620/15', '620', 'M', '15', NULL, '2025-07-03 05:41:10'),
(53, 'M630/15', '630', 'M', '15', NULL, '2025-07-03 05:41:10'),
(54, 'M635/12', '635', 'M', '12', NULL, '2025-07-03 05:41:10'),
(55, 'M650/15', '650', 'M', '15', NULL, '2025-07-03 05:41:10'),
(56, 'M660/15', '660', 'M', '15', NULL, '2025-07-03 05:41:10'),
(57, 'M710/15', '710', 'M', '15', NULL, '2025-07-03 05:41:10'),
(58, 'M730/15', '730', 'M', '15', NULL, '2025-07-03 05:41:10'),
(59, 'M735/15', '735', 'M', '15', NULL, '2025-07-03 05:41:10'),
(60, 'M740/12', '740', 'M', '12', NULL, '2025-07-03 05:41:10'),
(61, 'M740/15', '740', 'M', '15', NULL, '2025-07-03 05:41:10'),
(62, 'M750/15', '750', 'M', '15', NULL, '2025-07-03 05:41:10'),
(63, 'M760/15', '760', 'M', '15', NULL, '2025-07-03 05:41:10'),
(64, 'M800/15', '800', 'M', '15', NULL, '2025-07-03 05:41:10'),
(65, 'M810/12', '810', 'M', '12', NULL, '2025-07-03 05:41:10'),
(66, 'M810/15', '810', 'M', '15', NULL, '2025-07-03 05:41:10'),
(67, 'M820/15', '820', 'M', '15', NULL, '2025-07-03 05:41:10'),
(68, 'M830/15', '830', 'M', '15', NULL, '2025-07-03 05:41:10'),
(69, 'M860/15', '860', 'M', '15', NULL, '2025-07-03 05:41:10'),
(70, 'M870/15', '870', 'M', '15', NULL, '2025-07-03 05:41:10'),
(71, 'M895/15', '895', 'M', '15', NULL, '2025-07-03 05:41:10'),
(72, 'M910/12', '910', 'M', '12', NULL, '2025-07-03 05:41:10'),
(73, 'M910/15', '910', 'M', '15', NULL, '2025-07-03 05:41:10'),
(74, 'M920/15', '920', 'M', '15', NULL, '2025-07-03 05:41:10'),
(75, 'M940/12', '940', 'M', '12', NULL, '2025-07-03 05:41:10'),
(76, 'M960/15', '960', 'M', '15', NULL, '2025-07-03 05:41:10'),
(77, 'M990/15', '990', 'M', '15', NULL, '2025-07-03 05:41:10'),
(78, 'ME1020/18', '1020', 'ME', '18', NULL, '2025-07-03 05:41:10'),
(79, 'ME1030/15', '1030', 'ME', '15', NULL, '2025-07-03 05:41:10'),
(80, 'ME1030/18', '1030', 'ME', '18', NULL, '2025-07-03 05:41:10'),
(81, 'ME510/18', '510', 'ME', '18', NULL, '2025-07-03 05:41:10'),
(82, 'ME580/15', '580', 'ME', '15', NULL, '2025-07-03 05:41:10'),
(83, 'ME610/18', '610', 'ME', '18', NULL, '2025-07-03 05:41:10'),
(84, 'ME630/18', '630', 'ME', '18', NULL, '2025-07-03 05:41:10'),
(85, 'ME640/18', '640', 'ME', '18', NULL, '2025-07-03 05:41:10'),
(86, 'ME670/15', '670', 'ME', '15', NULL, '2025-07-03 05:41:10'),
(87, 'ME735/18', '735', 'ME', '18', NULL, '2025-07-03 05:41:10'),
(88, 'ME760/18', '760', 'ME', '18', NULL, '2025-07-03 05:41:10'),
(89, 'ME790/18', '790', 'ME', '18', NULL, '2025-07-03 05:41:10'),
(90, 'ME800/15', '800', 'ME', '15', NULL, '2025-07-03 05:41:10'),
(91, 'ME800/18', '800', 'ME', '18', NULL, '2025-07-03 05:41:10'),
(92, 'ME810/18', '810', 'ME', '18', NULL, '2025-07-03 05:41:10'),
(93, 'ME860/18', '860', 'ME', '18', NULL, '2025-07-03 05:41:10'),
(94, 'ME870/15', '870', 'ME', '15', NULL, '2025-07-03 05:41:10'),
(95, 'ME870/18', '870', 'ME', '18', NULL, '2025-07-03 05:41:10'),
(96, 'ME895/18', '895', 'ME', '18', NULL, '2025-07-03 05:41:10'),
(97, 'ME910/18', '910', 'ME', '18', NULL, '2025-07-03 05:41:10'),
(98, 'ME940/18', '940', 'ME', '18', NULL, '2025-07-03 05:41:10'),
(99, 'MEW1030/15', '1030', 'MEW', '15', NULL, '2025-07-03 05:41:10'),
(100, 'MEW1030/18', '1030', 'MEW', '18', NULL, '2025-07-03 05:41:10'),
(101, 'MEW800/18', '800', 'MEW', '18', NULL, '2025-07-03 05:41:10'),
(102, 'MEW810/18', '810', 'MEW', '18', NULL, '2025-07-03 05:41:10'),
(103, 'POLY840/12', '840', 'POLY', '12', NULL, '2025-07-03 05:41:10'),
(105, 'M890/15', '890', 'M', '15', '2022-03-29 11:53:43', '2025-07-03 05:41:10'),
(106, 'M1060/15', '1060', 'M', '15', '2022-06-07 01:35:47', '2025-07-03 05:41:10'),
(107, 'M1010/15', '1010', 'M', '15', '2022-06-16 06:52:01', '2025-07-03 05:41:10'),
(108, 'ME810/15', '810', 'Met', '15', '2022-08-19 23:16:45', '2025-07-03 05:41:10'),
(109, 'G710/15', '710', 'G', '15', '2022-08-20 00:10:40', '2025-07-03 05:41:10'),
(110, 'ME910/15', '910', 'Met', '15', '2022-09-17 03:19:49', '2025-07-03 05:41:10'),
(111, 'ME920/15', '920', 'Met', '15', '2022-09-17 03:22:06', '2025-07-03 05:41:10'),
(112, 'M940/15', '940', 'M', '15', '2022-10-13 22:14:28', '2025-07-03 05:41:10'),
(113, 'ME760/15', '760', 'Met', '15', '2022-10-13 22:29:52', '2025-07-03 05:41:10'),
(114, 'M790/15', '790', 'M', '15', '2022-10-13 22:40:21', '2025-07-03 05:41:10'),
(115, 'ME1020/15', '1020', 'Met', '15', '2022-10-15 01:47:06', '2025-07-03 05:41:10'),
(116, 'ME960/15', '960', 'Met', '15', '2022-10-17 22:50:54', '2025-07-03 05:41:10'),
(117, 'M720/15', '720', 'M', '15', '2022-10-17 23:00:25', '2025-07-03 05:41:10'),
(118, 'SA010', '10', 'GL', '10', '2025-07-03 05:41:13', '2025-07-03 05:43:01'),
(119, 'SA020', '20', 'M', '20', '2025-07-03 05:48:10', '2025-07-03 05:48:10'),
(120, 'G1020/20', '1020', 'M', '20', '2025-07-27 17:21:32', '2025-07-27 17:21:32'),
(121, 'G1030/30', '1030', 'G', '30', '2025-07-28 17:59:13', '2025-07-28 17:59:13'),
(122, 'M1020/100', '1020', 'M', '100', '2025-07-29 08:52:59', '2025-07-29 08:52:59'),
(123, 'M1020/60', '1020', 'M', '60', '2025-07-29 08:54:07', '2025-07-29 08:54:07'),
(124, 'G1030/50', '1030', 'G', '50', '2025-07-31 11:45:14', '2025-07-31 11:45:14');

-- --------------------------------------------------------

--
-- Table structure for table `master_job`
--

CREATE TABLE `master_job` (
  `id` int(11) NOT NULL,
  `job_type` varchar(100) NOT NULL,
  `type_value` varchar(100) NOT NULL,
  `created_at` timestamp NULL DEFAULT NULL,
  `updated_at` timestamp NOT NULL DEFAULT current_timestamp()
) ENGINE=InnoDB DEFAULT CHARSET=utf8mb4 COLLATE=utf8mb4_general_ci;

--
-- Dumping data for table `master_job`
--

INSERT INTO `master_job` (`id`, `job_type`, `type_value`, `created_at`, `updated_at`) VALUES
(1, 'Shopping Bags', 'SB', '2021-10-30 11:42:51', '2025-07-16 11:49:48'),
(3, 'Packing Bags', 'PB', '2022-06-06 20:50:38', '2025-07-16 11:50:12');

-- --------------------------------------------------------

--
-- Table structure for table `master_job_name`
--

CREATE TABLE `master_job_name` (
  `id` int(11) NOT NULL,
  `job_name` varchar(100) NOT NULL,
  `status` tinyint(1) NOT NULL DEFAULT 1,
  `created_at` timestamp NULL DEFAULT NULL,
  `updated_at` timestamp NOT NULL DEFAULT current_timestamp()
) ENGINE=InnoDB DEFAULT CHARSET=utf8mb4 COLLATE=utf8mb4_general_ci;

--
-- Dumping data for table `master_job_name`
--

INSERT INTO `master_job_name` (`id`, `job_name`, `status`, `created_at`, `updated_at`) VALUES
(4, 'Sugnamal', 1, '2021-11-30 23:22:02', '2025-06-19 09:47:52'),
(6, 'Dulhan', 1, '2021-11-30 23:26:58', '2025-06-19 09:47:52'),
(7, 'Aqualite Neo (Clogs & Slippers)', 1, '2022-03-24 08:13:40', '2025-06-19 09:47:52'),
(8, 'Shyam Bandhu', 1, '2022-03-28 00:32:54', '2025-06-19 09:47:52'),
(9, 'Sahil Fashion', 1, '2022-03-29 11:45:56', '2025-06-19 09:47:52'),
(10, 'Roopmahal', 1, '2022-03-30 06:07:31', '2025-06-19 09:47:52'),
(11, 'Famous Creations', 1, '2022-03-30 06:09:25', '2025-06-19 09:47:52'),
(13, 'Ganpati Mobile', 1, '2022-03-30 06:16:29', '2025-06-19 09:47:52'),
(14, 'Hitcolus ', 1, '2022-03-30 06:54:22', '2025-06-19 09:47:52'),
(15, 'Reedass ', 1, '2022-03-30 06:58:08', '2025-06-19 09:47:52'),
(16, 'Aqualite  Comfort Dikhta Hai', 1, '2022-03-30 07:04:29', '2025-06-19 09:47:52'),
(17, 'Sarees (Common)', 1, '2022-03-31 06:09:26', '2025-06-19 09:47:52'),
(18, 'Shahi Achkan', 1, '2022-05-25 02:44:37', '2025-06-19 09:47:52'),
(19, 'Modern Mobile ( Pillow Bag )', 1, '2022-05-25 02:45:12', '2025-06-19 09:47:52'),
(20, 'Panchsheel pillow bag', 1, '2022-05-25 02:45:29', '2025-06-19 09:47:52'),
(21, 'SAMSUNG Ganpati Mobile', 1, '2022-05-25 02:51:14', '2025-06-19 09:47:52'),
(22, 'Unifire', 1, '2022-06-07 01:24:54', '2025-06-19 09:47:52'),
(23, 'Gulmohar', 1, '2022-06-08 21:46:32', '2025-06-19 09:47:52'),
(24, 'Rosepetal - Box Bag (BIG)', 1, '2022-06-08 21:46:52', '2025-06-19 09:47:52'),
(25, 'Rosepetal Pillow Bag', 1, '2022-06-08 21:47:07', '2025-06-19 09:47:52'),
(26, 'Ribbon (YELLOW) - Common', 1, '2022-06-09 21:56:30', '2025-06-19 09:47:52'),
(27, 'Burning Rose - Common', 1, '2022-06-09 21:57:22', '2025-06-19 09:47:52'),
(28, 'Aristea', 1, '2022-06-09 21:57:57', '2025-06-19 09:47:52'),
(29, 'Shyam Bandhu', 1, '2022-06-09 22:03:24', '2025-06-19 09:47:52'),
(30, 'Del Monte', 1, '2022-06-09 22:03:37', '2025-06-19 09:47:52'),
(31, 'Golden Girl', 1, '2022-06-09 22:03:47', '2025-06-19 09:47:52'),
(32, 'Pardesi', 1, '2022-06-09 22:04:11', '2025-06-19 09:47:52'),
(33, 'Super Style', 1, '2022-06-09 22:04:34', '2025-06-19 09:47:52'),
(34, 'Fashion - Common', 1, '2022-06-09 22:04:55', '2025-06-19 09:47:52'),
(35, 'John Maxx 20 KGS', 1, '2022-06-09 22:05:16', '2025-06-19 09:47:52'),
(37, 'Ghewar - Common', 1, '2022-06-09 22:05:44', '2025-06-19 09:47:52'),
(38, 'R.D. Gohela', 1, '2022-06-09 22:06:01', '2025-06-19 09:47:52'),
(39, 'Utsav Raas', 1, '2022-06-09 22:06:16', '2025-06-19 09:47:52'),
(40, 'Floreda', 1, '2022-06-09 22:06:31', '2025-06-19 09:47:52'),
(41, 'Comfesta', 1, '2022-06-09 22:06:48', '2025-06-19 09:47:52'),
(42, 'BR Bombay Rayon', 1, '2022-06-09 22:07:32', '2025-06-19 09:47:52'),
(43, 'Rosepetal - Box Bag (SMALL)', 1, '2022-06-09 22:08:31', '2025-06-19 09:47:52'),
(44, 'Reid & Taylor', 1, '2022-06-23 22:58:03', '2025-06-19 09:47:52'),
(45, 'Gaurav Fashion', 1, '2022-06-23 22:58:34', '2025-06-19 09:47:52'),
(46, 'Sindh', 1, '2022-06-23 22:58:47', '2025-06-19 09:47:52'),
(47, 'Aggarwal Sweets Pillow Bag (Small)', 1, '2022-06-23 22:59:57', '2025-06-19 09:47:52'),
(48, 'Divine', 1, '2022-08-18 21:13:38', '2025-06-19 09:47:52'),
(49, 'Jiya Fashion', 1, '2022-08-22 04:05:27', '2025-06-19 09:47:52'),
(50, 'ZEBRA 9.5X10X4 SMALL', 1, '2022-08-31 23:38:07', '2025-06-19 09:47:52'),
(51, 'ZEBRA 12X13X4 MEDIUM', 1, '2022-08-31 23:38:25', '2025-06-19 09:47:52'),
(52, 'Gogia Sweets Jumbo Box Bag', 1, '2022-09-05 22:33:51', '2025-06-19 09:47:52'),
(53, 'shiv shankar', 1, '2022-09-08 23:44:59', '2025-06-19 09:47:52'),
(54, 'autumn common', 1, '2022-09-08 23:48:08', '2025-06-19 09:47:52'),
(55, 'Nayyar Heritage', 1, '2022-09-09 00:23:09', '2025-06-19 09:47:52'),
(56, 'MONTI', 1, '2022-09-10 01:01:13', '2025-06-19 09:47:52'),
(57, 'Ghewar', 1, '2022-09-10 22:37:31', '2025-06-19 09:47:52'),
(58, 'Terri Berri', 1, '2022-09-11 01:11:27', '2025-06-19 09:47:52'),
(59, 'Shyam Dairy', 1, '2022-09-16 22:11:08', '2025-06-19 09:47:52'),
(60, 'Shree Hari', 1, '2022-09-16 22:13:55', '2025-06-19 09:47:52'),
(61, 'Punchsheel Box Bag', 1, '2022-09-16 22:18:57', '2025-06-19 09:47:52'),
(62, 'Indo Impex Company Bag', 1, '2022-09-16 22:55:42', '2025-06-19 09:47:52'),
(63, 'Sunny Textile & Crimson Box Bag', 1, '2022-09-16 23:01:42', '2025-06-19 09:47:52'),
(64, 'Sarla Blankets & Beyond', 1, '2022-09-30 01:29:25', '2025-06-19 09:47:52'),
(65, 'Goel Garments', 1, '2022-09-30 01:35:17', '2025-06-19 09:47:52'),
(66, 'Sakhawat', 1, '2022-10-01 19:24:36', '2025-06-19 09:47:52'),
(67, 'Shubh lagn', 1, '2022-10-01 19:25:01', '2025-06-19 09:47:52'),
(68, 'Sugnamal loop', 1, '2022-10-01 19:25:19', '2025-06-19 09:47:52'),
(69, 'Shri Nath', 1, '2022-10-09 01:58:19', '2025-06-19 09:47:52'),
(70, 'Amar Bakery', 1, '2022-10-09 02:02:42', '2025-06-19 09:47:52'),
(71, 'Ribbon (Orange) common', 1, '2022-10-17 23:57:23', '2025-06-19 09:47:52'),
(72, 'Ribbon (Pink) Common', 1, '2022-10-17 23:57:40', '2025-06-19 09:47:52'),
(73, 'Ribbon (Blue) Common', 1, '2022-10-17 23:58:05', '2025-06-19 09:47:52'),
(78, 'Ankur Mobile', 1, '2022-11-02 01:41:47', '2025-06-19 09:47:52'),
(79, 'Ayat 11.5x10x4', 1, '2022-11-02 01:44:58', '2025-06-19 09:47:52'),
(80, 'Ayat 12.5x11x4', 1, '2022-11-02 01:45:15', '2025-06-19 09:47:52'),
(81, 'Ayat 15.5x15.5x5', 1, '2022-11-02 01:45:27', '2025-06-19 09:47:52'),
(82, 'Lalithaa 9.5x10x4', 1, '2022-11-03 22:05:39', '2025-06-19 09:47:52'),
(83, 'Lalithaa 12x13x4', 1, '2022-11-03 22:05:49', '2025-06-19 09:47:52'),
(84, 'Ronak', 1, '2022-11-06 00:02:31', '2025-06-19 09:47:52'),
(85, 'Marks', 1, '2022-11-06 00:02:41', '2025-06-19 09:47:52'),
(86, 'Shagun Krishna Nagar Jammu Box', 1, '2022-11-06 00:36:55', '2025-06-19 09:47:52'),
(87, 'Gulveen Blanket', 1, '2022-11-10 00:12:03', '2025-06-19 09:47:52'),
(88, 'shagun krishna nagar chappan bhog', 1, '2022-11-12 19:28:06', '2025-06-19 09:47:52'),
(89, 'Home Spread', 1, '2022-11-12 19:28:16', '2025-06-19 09:47:52'),
(90, 'Monti 18X16X5', 1, '2022-11-12 19:32:45', '2025-06-19 09:47:52'),
(91, 'Monti 12x16', 1, '2022-11-12 19:32:58', '2025-06-19 09:47:52'),
(92, 'Jugal kishore 12x16', 1, '2022-11-12 19:33:34', '2025-06-19 09:47:52'),
(93, 'Jugal Kishore 9x12', 0, '2022-11-12 19:33:54', '2025-07-11 11:14:37'),
(96, 'dulhan123', 1, '2025-07-11 13:27:21', '2025-07-11 13:27:21'),
(97, 'test2', 1, '2025-07-12 05:47:41', '2025-07-12 05:47:41'),
(98, 'test1', 1, '2025-07-12 05:49:04', '2025-07-12 05:49:04'),
(99, 'test3', 1, '2025-07-12 05:53:42', '2025-07-12 05:53:42'),
(100, 'test4', 1, '2025-07-12 05:58:54', '2025-07-12 05:58:54'),
(101, 'test5', 1, '2025-07-12 06:10:28', '2025-07-12 06:10:28'),
(102, 'test6', 1, '2025-07-12 06:11:52', '2025-07-12 06:11:52'),
(103, 'test8', 1, '2025-07-12 06:16:56', '2025-07-12 06:16:56'),
(104, 'test9', 1, '2025-07-12 06:18:21', '2025-07-12 06:18:21'),
(105, 'dulhan124', 1, '2025-07-12 08:55:04', '2025-07-12 08:55:04'),
(106, 'dulhan1234', 1, '2025-07-12 08:56:53', '2025-07-12 08:56:53'),
(107, 'dulhan145', 1, '2025-07-12 09:00:17', '2025-07-12 09:00:17'),
(108, 'duhan', 1, '2025-07-12 09:44:26', '2025-07-12 09:44:26'),
(109, 'Dulhannew', 1, '2025-07-12 10:03:19', '2025-07-12 10:03:19'),
(110, 'test', 1, '2025-07-13 15:41:00', '2025-07-13 15:41:00'),
(111, 'west test', 1, '2025-07-15 09:34:22', '2025-07-15 09:34:22'),
(112, 'test jiob', 1, '2025-07-15 14:03:13', '2025-07-15 14:03:13'),
(113, 'seastjob', 1, '2025-07-15 14:05:21', '2025-07-15 14:05:21'),
(114, 'JOB TEST 001', 1, '2025-07-16 14:33:42', '2025-07-16 14:33:42'),
(115, 'JOB NEW TEST', 1, '2025-07-16 14:43:00', '2025-07-16 14:43:00'),
(116, 'TOP JON NEW', 1, '2025-07-16 14:46:15', '2025-07-16 14:46:15'),
(117, 'MAHAN JOB 001', 1, '2025-07-16 14:54:00', '2025-07-16 14:54:00'),
(118, 'MAHARAJA JOB', 1, '2025-07-16 15:00:02', '2025-07-16 15:00:02'),
(119, 'MAHARAJA JOB 2', 1, '2025-07-16 15:00:36', '2025-07-16 15:00:36'),
(120, 'MAHAN JOB 002', 1, '2025-07-16 15:01:33', '2025-07-16 15:01:33'),
(121, 'MAHAN JOB 098', 1, '2025-07-16 15:02:39', '2025-07-16 15:02:39'),
(122, 'HELLO', 1, '2025-07-16 15:05:15', '2025-07-16 15:05:15'),
(123, 'DEMO JOB 001', 1, '2025-07-19 11:08:30', '2025-07-19 11:08:30'),
(124, 'TEST DUMMY', 1, '2025-07-21 13:22:34', '2025-07-21 13:22:34'),
(125, 'TWEAST DUMMYB2', 1, '2025-07-21 13:30:14', '2025-07-21 13:30:14'),
(126, 'TEST DUMMY 003', 1, '2025-07-21 13:37:40', '2025-07-21 13:37:40'),
(127, 'TEST DUMMY003', 1, '2025-07-21 13:40:07', '2025-07-21 13:40:07'),
(128, 'New Job Of This Is Test', 1, '2025-08-01 11:33:07', '2025-08-01 11:33:07');

-- --------------------------------------------------------

--
-- Table structure for table `master_non`
--

CREATE TABLE `master_non` (
  `id` int(11) NOT NULL,
  `item_code` varchar(100) NOT NULL,
  `non_size` varchar(60) NOT NULL,
  `non_color` varchar(60) NOT NULL,
  `non_gsm` varchar(60) NOT NULL,
  `created_at` timestamp NULL DEFAULT NULL,
  `updated_at` timestamp NOT NULL DEFAULT current_timestamp()
) ENGINE=InnoDB DEFAULT CHARSET=utf8mb4 COLLATE=utf8mb4_general_ci;

--
-- Dumping data for table `master_non`
--

INSERT INTO `master_non` (`id`, `item_code`, `non_size`, `non_color`, `non_gsm`, `created_at`, `updated_at`) VALUES
(12, 'WH32/90', '32', 'WH', '90', NULL, '2025-07-29 06:16:21'),
(13, 'IV30/60', '30', 'IV', '60', NULL, '2025-06-16 13:50:08'),
(14, 'IV34/60', '34', 'IV', '60', NULL, '2025-06-16 13:50:08'),
(15, 'IV38/75', '38', 'IV', '75', NULL, '2025-06-16 13:50:08'),
(16, 'IV44/75', '44', 'IV', '75', NULL, '2025-06-16 13:50:08'),
(17, 'RE31.5/90', '31.5', 'RE', '90', NULL, '2025-06-16 13:50:08'),
(18, 'RE63/90', '63', 'RE', '90', NULL, '2025-06-16 13:50:08'),
(19, 'WH20/42', '20', 'WH', '42', NULL, '2025-06-16 13:50:08'),
(20, 'WH20/45', '20', 'WH', '45', NULL, '2025-06-16 13:50:08'),
(21, 'WH20/70', '20', 'WH', '70', NULL, '2025-06-16 13:50:08'),
(22, 'WH20/90', '20', 'WH', '90', NULL, '2025-06-16 13:50:08'),
(23, 'WH21/40', '21', 'WH', '40', NULL, '2025-06-16 13:50:08'),
(24, 'WH21/80', '21', 'WH', '80', NULL, '2025-06-16 13:50:08'),
(25, 'WH21/90', '21', 'WH', '90', NULL, '2025-06-16 13:50:08'),
(26, 'WH21/95', '21', 'WH', '95', NULL, '2025-06-16 13:50:08'),
(27, 'WH22.5/42', '22.5', 'WH', '42', NULL, '2025-06-16 13:50:08'),
(28, 'WH22.5/45', '22.5', 'WH', '45', NULL, '2025-06-16 13:50:08'),
(29, 'WH24/100', '24', 'WH', '100', NULL, '2025-06-16 13:50:08'),
(30, 'WH24/115', '24', 'WH', '115', NULL, '2025-06-16 13:50:08'),
(31, 'WH24/42', '24', 'WH', '42', NULL, '2025-06-16 13:50:08'),
(32, 'WH24/70', '24', 'WH', '70', NULL, '2025-06-16 13:50:08'),
(33, 'WH24/90', '24', 'WH', '90', NULL, '2025-06-16 13:50:08'),
(34, 'WH25.2/100', '25.2', 'WH', '100', NULL, '2025-06-16 13:50:08'),
(35, 'WH25.2/105', '25.2', 'WH', '105', NULL, '2025-06-16 13:50:08'),
(36, 'WH25.2/120', '25.2', 'WH', '120', NULL, '2025-06-16 13:50:08'),
(37, 'WH25.5/95', '25.5', 'WH', '95', NULL, '2025-06-16 13:50:08'),
(38, 'WH25.6/100', '25.6', 'WH', '100', NULL, '2025-06-16 13:50:08'),
(39, 'WH25.6/80', '25.6', 'WH', '80', NULL, '2025-06-16 13:50:08'),
(40, 'WH26.25/100', '26.25', 'WH', '100', NULL, '2025-06-16 13:50:08'),
(41, 'WH26.5/42', '26.5', 'WH', '42', NULL, '2025-06-16 13:50:08'),
(42, 'WH26.8/70', '26.8', 'WH', '70', NULL, '2025-06-16 13:50:08'),
(43, 'WH27/70', '27', 'WH', '70', NULL, '2025-06-16 13:50:08'),
(44, 'WH27/75', '27', 'WH', '75', NULL, '2025-06-16 13:50:08'),
(45, 'WH28/100', '28', 'WH', '100', NULL, '2025-06-16 13:50:08'),
(46, 'WH28/110', '28', 'WH', '110', NULL, '2025-06-16 13:50:08'),
(47, 'WH29.2/70', '29.2', 'WH', '70', NULL, '2025-06-16 13:50:08'),
(48, 'WH29.25/45', '29.25', 'WH', '45', NULL, '2025-06-16 13:50:08'),
(49, 'WH29.5/70', '29.5', 'WH', '70', NULL, '2025-06-16 13:50:08'),
(50, 'WH29/42', '29', 'WH', '42', NULL, '2025-06-16 13:50:08'),
(51, 'WH29/70', '29', 'WH', '70', NULL, '2025-06-16 13:50:08'),
(52, 'WH30/70', '30', 'WH', '70', NULL, '2025-06-16 13:50:08'),
(53, 'WH30/75', '30', 'WH', '75', NULL, '2025-06-16 13:50:08'),
(54, 'WH31.1/70', '31.1', 'WH', '70', NULL, '2025-06-16 13:50:08'),
(55, 'WH31.2/85', '31.2', 'WH', '85', NULL, '2025-06-16 13:50:08'),
(56, 'WH31.25/85', '31.25', 'WH', '85', NULL, '2025-06-16 13:50:08'),
(57, 'WH31.5/58', '31.5', 'WH', '58', NULL, '2025-06-16 13:50:08'),
(58, 'WH31/42', '31', 'WH', '42', NULL, '2025-06-16 13:50:08'),
(59, 'WH31/58', '31', 'WH', '58', NULL, '2025-06-16 13:50:08'),
(60, 'WH31/70', '31', 'WH', '70', NULL, '2025-06-16 13:50:08'),
(61, 'WH32/100', '32', 'WH', '100', NULL, '2025-06-16 13:50:08'),
(62, 'WH32/55', '32', 'WH', '55', NULL, '2025-06-16 13:50:08'),
(63, 'WH32/58', '32', 'WH', '58', NULL, '2025-06-16 13:50:08'),
(64, 'WH32/60', '32', 'WH', '60', NULL, '2025-06-16 13:50:08'),
(65, 'WH32/70', '32', 'WH', '70', NULL, '2025-06-16 13:50:08'),
(66, 'WH32/75', '32', 'WH', '75', NULL, '2025-06-16 13:50:08'),
(67, 'WH33.5/70', '33.5', 'WH', '70', NULL, '2025-06-16 13:50:08'),
(68, 'WH33/45', '33', 'WH', '45', NULL, '2025-06-16 13:50:08'),
(69, 'WH33/70', '33', 'WH', '70', NULL, '2025-06-16 13:50:08'),
(70, 'WH34.5/110', '34.5', 'WH', '110', NULL, '2025-06-16 13:50:08'),
(71, 'WH34.5/70', '34.5', 'WH', '70', NULL, '2025-06-16 13:50:08'),
(72, 'WH34/42', '34', 'WH', '42', NULL, '2025-06-16 13:50:08'),
(73, 'WH34/45', '34', 'WH', '45', NULL, '2025-06-16 13:50:08'),
(74, 'WH34/70', '34', 'WH', '70', NULL, '2025-06-16 13:50:08'),
(75, 'WH34/90', '34', 'WH', '90', NULL, '2025-06-16 13:50:08'),
(76, 'WH35.25/118', '37', 'WH', '118', NULL, '2025-06-16 13:50:08'),
(77, 'WH35.5/70', '35.5', 'WH', '70', NULL, '2025-06-16 13:50:08'),
(78, 'WH35.5/75', '35.5', 'WH', '75', NULL, '2025-06-16 13:50:08'),
(79, 'WH35/42', '35', 'WH', '42', NULL, '2025-06-16 13:50:08'),
(80, 'WH35/70', '35', 'WH', '70', NULL, '2025-06-16 13:50:08'),
(81, 'WH36.5/120', '36.5', 'WH', '120', NULL, '2025-06-16 13:50:08'),
(82, 'WH36/110', '36', 'WH', '110', NULL, '2025-06-16 13:50:08'),
(83, 'WH36/42', '36', 'WH', '42', NULL, '2025-06-16 13:50:08'),
(84, 'WH36/70', '36', 'WH', '70', NULL, '2025-06-16 13:50:08'),
(85, 'WH36/80', '36', 'WH', '80', NULL, '2025-06-16 13:50:08'),
(86, 'WH37/110', '37', 'WH', '110', NULL, '2025-06-16 13:50:08'),
(87, 'WH38.5/70', '38.5', 'WH', '70', NULL, '2025-06-16 13:50:08'),
(88, 'WH38.5/80', '38.5', 'WH', '80', NULL, '2025-06-16 13:50:08'),
(89, 'WH38.5/90', '38.5', 'WH', '90', NULL, '2025-06-16 13:50:08'),
(90, 'WH38/100', '38', 'WH', '100', NULL, '2025-06-16 13:50:08'),
(91, 'WH38/40', '38', 'WH', '40', NULL, '2025-06-16 13:50:08'),
(92, 'WH38/42', '38', 'WH', '42', NULL, '2025-06-16 13:50:08'),
(93, 'WH38/45', '38', 'WH', '45', NULL, '2025-06-16 13:50:08'),
(94, 'WH38/50', '38', 'WH', '50', NULL, '2025-06-16 13:50:08'),
(95, 'WH38/70', '38', 'WH', '70', NULL, '2025-06-16 13:50:08'),
(96, 'WH38/75', '38', 'WH', '75', NULL, '2025-06-16 13:50:08'),
(97, 'WH40.5/45', '40.5', 'WH', '45', NULL, '2025-06-16 13:50:08'),
(98, 'WH40.50/70', '40.5', 'WH', '70', NULL, '2025-06-16 13:50:08'),
(99, 'WH40/70', '40', 'WH', '70', NULL, '2025-06-16 13:50:08'),
(100, 'WH41/42', '41', 'WH', '42', NULL, '2025-06-16 13:50:08'),
(101, 'WH41/55', '41', 'WH', '55', NULL, '2025-06-16 13:50:08'),
(102, 'WH41/58', '41', 'WH', '58', NULL, '2025-06-16 13:50:08'),
(103, 'WH41/60', '41', 'WH', '60', NULL, '2025-06-16 13:50:08'),
(104, 'WH41/65', '41', 'WH', '65', NULL, '2025-06-16 13:50:08'),
(105, 'WH41/70', '41', 'WH', '70', NULL, '2025-06-16 13:50:08'),
(106, 'WH41/95', '41', 'WH', '95', NULL, '2025-06-16 13:50:08'),
(107, 'WH42/45', '42', 'WH', '45', NULL, '2025-06-16 13:50:08'),
(108, 'WH42/58', '42', 'WH', '58', NULL, '2025-06-16 13:50:08'),
(109, 'WH42/65', '42', 'WH', '65', NULL, '2025-06-16 13:50:08'),
(110, 'WH42/70', '42', 'WH', '70', NULL, '2025-06-16 13:50:08'),
(111, 'WH43.5/70', '43.5', 'WH', '70', NULL, '2025-06-16 13:50:08'),
(112, 'WH44/42', '44', 'WH', '42', NULL, '2025-06-16 13:50:08'),
(113, 'WH62/90', '62', 'WH', '90', NULL, '2025-06-16 13:50:08'),
(114, 'WH63/100', '63', 'WH', '100', NULL, '2025-06-16 13:50:08'),
(115, 'WH63/115', '63', 'WH', '115', NULL, '2025-06-16 13:50:08'),
(116, 'WH63/120', '63', 'WH', '120', NULL, '2025-06-16 13:50:08'),
(117, 'WH63/140', '63', 'WH', '140', NULL, '2025-06-16 13:50:08'),
(118, 'WH63/45', '63', 'WH', '45', NULL, '2025-06-16 13:50:08'),
(119, 'WH63/50', '63', 'WH', '50', NULL, '2025-06-16 13:50:08'),
(120, 'WH63/70', '63', 'WH', '70', NULL, '2025-06-16 13:50:08'),
(121, 'YE32/70', '32', 'YE', '70', NULL, '2025-06-16 13:50:08'),
(122, 'YE32/90', '32', 'YE', '90', NULL, '2025-06-16 13:50:08'),
(123, 'WH35/45', '35', 'WH', '45', '2022-03-29 11:54:06', '2025-06-16 13:50:08'),
(124, 'WH43.5/75', '43.5', 'WH', '75', '2022-06-07 01:36:55', '2025-06-16 13:50:08'),
(125, 'WH35.5/45', '35.5', 'WH', '45', '2022-06-14 21:13:10', '2025-06-16 13:50:08'),
(126, 'WH39/45', '39', 'WH', '45', '2022-06-14 22:23:17', '2025-06-16 13:50:08'),
(127, 'WH39/75', '39', 'WH', '75', '2022-06-14 22:23:34', '2025-06-16 13:50:08'),
(128, 'WH36/75', '36', 'WH', '75', '2022-06-16 06:45:32', '2025-06-16 13:50:08'),
(129, 'WH36/45', '36', 'WH', '45', '2022-06-16 06:45:47', '2025-06-16 13:50:08'),
(131, 'WH41/75', '41', 'WH', '75', '2022-06-16 06:53:15', '2025-06-16 13:50:08'),
(132, 'WH30/45', '30', 'WH', '45', '2022-06-16 07:44:31', '2025-06-16 13:50:08'),
(133, 'WH29/75', '29', 'WH', '75', '2022-08-20 00:11:56', '2025-06-16 13:50:08'),
(134, 'WH43/60', '43', 'WH', '55', '2022-09-17 22:04:46', '2025-06-16 13:50:08'),
(135, 'WH31/75', '31', 'WH', '75', '2022-10-13 22:33:11', '2025-06-16 13:50:08'),
(136, 'WH35/60', '35', 'WH', '60', '2022-10-15 01:40:17', '2025-06-16 13:50:08'),
(137, 'WH42/60', '42', 'WH', '60', '2022-10-15 01:44:57', '2025-06-16 13:50:08'),
(138, 'WH31/45', '31', 'WH', '45', '2022-10-17 22:52:13', '2025-06-16 13:50:08'),
(139, 'WH41/45', '41', 'WH', '45', '2022-10-17 23:03:56', '2025-06-16 13:50:08'),
(141, 'WH1020/90', '1020', 'WH', '90', '2025-07-29 07:04:02', '2025-07-29 07:04:02'),
(142, 'WH1020/120', '1020', 'WH', '120', '2025-07-29 08:32:24', '2025-07-29 08:32:24'),
(143, 'M30/4', '30', 'M', '4', '2025-07-29 12:15:47', '2025-07-29 12:15:47'),
(144, 'M30/7', '30', 'M', '7', '2025-07-29 12:16:38', '2025-07-29 12:16:38'),
(145, 'WH32/120', '32', 'WH', '120', '2025-07-31 12:24:44', '2025-07-31 12:24:44');

-- --------------------------------------------------------

--
-- Table structure for table `master_party`
--

CREATE TABLE `master_party` (
  `id` int(11) NOT NULL,
  `party_name` varchar(100) NOT NULL,
  `party_number` varchar(50) DEFAULT NULL,
  `party_email` varchar(200) DEFAULT NULL,
  `party_gst` varchar(150) DEFAULT NULL,
  `status` tinyint(1) NOT NULL DEFAULT 1,
  `party_address` mediumtext DEFAULT NULL,
  `created_at` timestamp NULL DEFAULT NULL,
  `updated_at` timestamp NOT NULL DEFAULT current_timestamp()
) ENGINE=InnoDB DEFAULT CHARSET=utf8mb4 COLLATE=utf8mb4_general_ci;

--
-- Dumping data for table `master_party`
--

INSERT INTO `master_party` (`id`, `party_name`, `party_number`, `party_email`, `party_gst`, `status`, `party_address`, `created_at`, `updated_at`) VALUES
(1, 'Mayank', '', '', '', 1, '', '2021-10-21 17:02:05', '2025-07-15 10:12:25'),
(2, 'Nazim', '', '', '', 1, '', '2021-11-30 23:22:26', '2025-06-17 10:49:11'),
(3, 'Prime Enterprises', '', '', '', 1, '', '2021-11-30 23:27:30', '2025-06-17 10:49:11'),
(4, 'Rama Sacks N Bags (P) Ltd.', '', '', '', 1, '', '2022-03-17 06:17:34', '2025-06-17 10:49:11'),
(5, 'PL Printers', '', '', '', 1, '', '2022-03-18 04:36:32', '2025-06-17 10:49:11'),
(6, 'Premier Bags', '', '', '', 1, '', '2022-03-29 11:47:18', '2025-06-17 10:49:11'),
(7, 'Indo Impex', '', '', '', 1, '', '2022-03-31 05:51:02', '2025-06-17 10:49:11'),
(10, 'Pacmatic Industries', '', '', '', 1, '', '2022-06-08 21:45:35', '2025-06-17 10:49:11'),
(11, 'Goyal Traders', '', '', '', 1, '', '2022-06-11 00:48:13', '2025-06-17 10:49:11'),
(12, 'Lamba Enterprises - Himanshu', '', '', '', 1, '', '2022-06-11 00:48:56', '2025-06-17 10:49:11'),
(13, 'Shyam Bombay', '', '', '', 1, '', '2022-06-11 00:50:08', '2025-06-17 10:49:11'),
(14, 'Aadesh Rastogi', '', '', '', 1, '', '2022-06-11 00:50:18', '2025-06-17 10:49:11'),
(15, 'Inox Computers & Graphic', '', '', '', 1, '', '2022-06-11 01:09:10', '2025-06-17 10:49:11'),
(16, 'Jiya Fashion', '', '', '', 1, '', '2022-08-22 04:04:02', '2025-06-17 10:49:11'),
(17, 'Gogia Sweets', '', '', '', 1, '', '2022-09-05 22:19:06', '2025-06-17 10:49:11'),
(18, 'JV Flexi', '', '', '', 1, '', '2022-09-08 23:49:01', '2025-06-17 10:49:11'),
(19, 'Kapil Bhatti', '', '', '', 1, '', '2022-09-16 22:19:52', '2025-06-17 10:49:11'),
(20, 'Ajay Sharma', '', '', '', 1, '', '2022-10-09 01:45:55', '2025-06-17 10:49:11'),
(21, 'Ajay Murgai', '', '', '', 1, '', '2022-10-09 01:47:46', '2025-06-17 10:49:11'),
(22, 'Krishnnam Traders', '', '', '', 1, '', '2022-11-02 01:35:03', '2025-06-17 10:49:11'),
(23, 'SMG Global', '', '', '', 1, '', '2022-11-02 01:35:40', '2025-06-17 10:49:11'),
(24, 'ARHAM PRINT N PACK ', '', '', '', 1, '', '2022-11-05 23:16:42', '2025-06-17 10:49:11'),
(25, 'Shagun Krishna Nagar', '', '', '', 1, '', '2022-11-06 00:35:02', '2025-06-17 10:49:11'),
(26, 'Piyush Bajaj Blanket', '', '', '', 1, '', '2022-11-10 00:10:02', '2025-06-17 10:49:11'),
(27, 'Adi Agropack', '', '', '', 0, '', '2022-11-22 22:49:52', '2025-07-03 06:16:03'),
(29, 'sahil', '09635548343', 'test@gmail.com', NULL, 1, 'l-618, New Delhi', '2025-07-15 09:23:56', '2025-07-15 09:23:56'),
(30, 'aman khan', NULL, NULL, NULL, 1, NULL, '2025-07-15 09:24:10', '2025-07-15 09:24:10'),
(31, 'alax', NULL, NULL, NULL, 1, NULL, '2025-07-27 11:18:40', '2025-07-27 11:18:40'),
(32, 'mayank sharma', NULL, NULL, NULL, 1, NULL, '2025-07-30 06:45:28', '2025-07-30 06:45:28'),
(33, 'Mayank Khanna', NULL, NULL, NULL, 1, NULL, '2025-07-30 07:17:54', '2025-07-30 07:17:54');

-- --------------------------------------------------------

--
-- Table structure for table `master_pp`
--

CREATE TABLE `master_pp` (
  `id` int(11) NOT NULL,
  `item_code` varchar(100) NOT NULL,
  `pp_size` varchar(60) NOT NULL,
  `pp_category` varchar(60) NOT NULL,
  `pp_gms` varchar(60) NOT NULL,
  `created_at` timestamp NOT NULL DEFAULT current_timestamp(),
  `updated_at` timestamp NOT NULL DEFAULT current_timestamp()
) ENGINE=InnoDB DEFAULT CHARSET=utf8mb4 COLLATE=utf8mb4_general_ci;

--
-- Dumping data for table `master_pp`
--

INSERT INTO `master_pp` (`id`, `item_code`, `pp_size`, `pp_category`, `pp_gms`, `created_at`, `updated_at`) VALUES
(1, 'M30/3.5', '30', 'M', '3.5', '2025-06-13 12:31:28', '2025-06-13 12:30:54'),
(2, 'F32/2.5', '32', 'F', '2.5', '2025-06-13 12:31:28', '0000-00-00 00:00:00'),
(3, 'F34/3.5', '34', 'F', '3.5', '2025-06-13 12:31:28', '0000-00-00 00:00:00'),
(4, 'F34/4', '34', 'F', '4', '2025-06-13 12:31:28', '0000-00-00 00:00:00'),
(5, 'F38.5/3.5', '38', 'F', '3.5', '2025-06-13 12:31:28', '0000-00-00 00:00:00'),
(6, 'F38/3', '38', 'F', '3', '2025-06-13 12:31:28', '0000-00-00 00:00:00'),
(7, 'F38/3.5', '38', 'F', '3.5', '2025-06-13 12:31:28', '0000-00-00 00:00:00'),
(8, 'F38/4', '38', 'F', '4', '2025-06-13 12:31:28', '0000-00-00 00:00:00'),
(9, 'F40/5', '40', 'F', '5', '2025-06-13 12:31:28', '0000-00-00 00:00:00'),
(10, 'F41/3.5', '41', 'F', '3.5', '2025-06-13 12:31:28', '0000-00-00 00:00:00'),
(11, 'F41/3.75', '41', 'F', '3.75', '2025-06-13 12:31:28', '0000-00-00 00:00:00'),
(12, 'F41/5', '41', 'F', '5', '2025-06-13 12:31:28', '0000-00-00 00:00:00'),
(13, 'F42.5/3.5', '42.5', 'F', '3.5', '2025-06-13 12:31:28', '0000-00-00 00:00:00'),
(14, 'F42/3.5', '42', 'F', '3.5', '2025-06-13 12:31:28', '0000-00-00 00:00:00'),
(15, 'F42/3.75', '42', 'F', '3.75', '2025-06-13 12:31:28', '0000-00-00 00:00:00'),
(16, 'F42/4', '42', 'F', '4', '2025-06-13 12:31:28', '0000-00-00 00:00:00'),
(17, 'F42/5', '42', 'F', '5', '2025-06-13 12:31:28', '0000-00-00 00:00:00'),
(18, 'FN28/3.5', '28', 'FN', '3.5', '2025-06-13 12:31:28', '0000-00-00 00:00:00'),
(19, 'FN34/3.5', '34', 'FN', '3.5', '2025-06-13 12:31:28', '0000-00-00 00:00:00'),
(20, 'FN42/3.5', '42', 'FN', '3.5', '2025-06-13 12:31:28', '0000-00-00 00:00:00'),
(21, 'LM19/4', '19', 'LM', '4', '2025-06-13 12:31:28', '0000-00-00 00:00:00'),
(22, 'M12/3', '12', 'M', '3', '2025-06-13 12:31:28', '0000-00-00 00:00:00'),
(23, 'M15/2', '15', 'M', '2', '2025-06-13 12:31:28', '0000-00-00 00:00:00'),
(24, 'M15/3.5', '15', 'M', '3.5', '2025-06-13 12:31:28', '0000-00-00 00:00:00'),
(25, 'M15/3.75', '15', 'M', '3.75', '2025-06-13 12:31:28', '0000-00-00 00:00:00'),
(26, 'M15/4', '15', 'M', '4', '2025-06-13 12:31:28', '0000-00-00 00:00:00'),
(27, 'M17/3', '17', 'M', '3', '2025-06-13 12:31:28', '0000-00-00 00:00:00'),
(28, 'M17/3.5', '17', 'M', '3.5', '2025-06-13 12:31:28', '0000-00-00 00:00:00'),
(29, 'M17/3.75', '17', 'M', '3.75', '2025-06-13 12:31:28', '0000-00-00 00:00:00'),
(30, 'M17/4', '17', 'M', '4', '2025-06-13 12:31:28', '0000-00-00 00:00:00'),
(31, 'M19/2.5', '19', 'M', '2.5', '2025-06-13 12:31:28', '0000-00-00 00:00:00'),
(32, 'M19/3', '19', 'M', '3', '2025-06-13 12:31:28', '0000-00-00 00:00:00'),
(33, 'M19/3.5', '19', 'M', '3.5', '2025-06-13 12:31:28', '0000-00-00 00:00:00'),
(34, 'M19/3.75', '19', 'M', '3.75', '2025-06-13 12:31:28', '0000-00-00 00:00:00'),
(35, 'M19/4', '19', 'M', '4', '2025-06-13 12:31:28', '0000-00-00 00:00:00'),
(36, 'M19/4.5', '19', 'M', '4.5', '2025-06-13 12:31:28', '0000-00-00 00:00:00'),
(37, 'MG19/4', '19', 'MG', '4', '2025-06-13 12:31:28', '0000-00-00 00:00:00'),
(38, 'M19/5', '19', 'M', '5', '2025-06-13 12:31:28', '0000-00-00 00:00:00'),
(39, 'MG19/5.5', '19', 'MG', '5.5', '2025-06-13 12:31:28', '0000-00-00 00:00:00'),
(40, 'MG19/5.75', '19', 'MG', '5.75', '2025-06-13 12:31:28', '0000-00-00 00:00:00'),
(41, 'M19/6', '19', 'M', '6', '2025-06-13 12:31:28', '0000-00-00 00:00:00'),
(42, 'M21/3.75', '21', 'M', '3.75', '2025-06-13 12:31:28', '0000-00-00 00:00:00'),
(43, 'M21/5', '21', 'M', '5', '2025-06-13 12:31:28', '0000-00-00 00:00:00'),
(44, 'M22/3.5', '22', 'M', '3.5', '2025-06-13 12:31:28', '0000-00-00 00:00:00'),
(45, 'M22/3.75', '22', 'M', '3.75', '2025-06-13 12:31:28', '0000-00-00 00:00:00'),
(46, 'M22/4', '22', 'M', '4', '2025-06-13 12:31:28', '0000-00-00 00:00:00'),
(47, 'M22/4.5', '22', 'M', '4.5', '2025-06-13 12:31:28', '0000-00-00 00:00:00'),
(48, 'M22/4.75', '22', 'M', '4.75', '2025-06-13 12:31:28', '0000-00-00 00:00:00'),
(49, 'M22/5', '22', 'M', '5', '2025-06-13 12:31:28', '0000-00-00 00:00:00'),
(50, 'M22/6', '22', 'M', '6', '2025-06-13 12:31:28', '0000-00-00 00:00:00'),
(51, 'M24/3', '24', 'M', '3', '2025-06-13 12:31:28', '0000-00-00 00:00:00'),
(52, 'M24/3.5', '24', 'M', '3.5', '2025-06-13 12:31:28', '0000-00-00 00:00:00'),
(53, 'M24/4', '24', 'M', '4', '2025-06-13 12:31:28', '0000-00-00 00:00:00'),
(54, 'M24/6', '24', 'M', '6', '2025-06-13 12:31:28', '0000-00-00 00:00:00'),
(55, 'M26/3', '26', 'M', '3', '2025-06-13 12:31:28', '0000-00-00 00:00:00'),
(56, 'M26/3.5', '26', 'M', '3.5', '2025-06-13 12:31:28', '0000-00-00 00:00:00'),
(57, 'M26/4', '26', 'M', '4', '2025-06-13 12:31:28', '0000-00-00 00:00:00'),
(58, 'M27/3', '27', 'M', '3', '2025-06-13 12:31:28', '0000-00-00 00:00:00'),
(59, 'M27/3.5', '27', 'M', '3.5', '2025-06-13 12:31:28', '0000-00-00 00:00:00'),
(60, 'M27/4', '27', 'M', '4', '2025-06-13 12:31:28', '0000-00-00 00:00:00'),
(61, 'M30/3.5', '30', 'M', '3.5', '2025-06-13 12:31:28', '0000-00-00 00:00:00'),
(62, 'M30/4', '30', 'M', '4', '2025-06-13 12:31:28', '0000-00-00 00:00:00'),
(63, 'M34/3.5', '34', 'M', '3.5', '2025-06-13 12:31:28', '0000-00-00 00:00:00'),
(64, 'M34/4', '34', 'M', '4', '2025-06-13 12:31:28', '0000-00-00 00:00:00'),
(65, 'M38/2.5', '38', 'M', '2.5', '2025-06-13 12:31:28', '0000-00-00 00:00:00'),
(66, 'M38/3', '38', 'M', '3', '2025-06-13 12:31:28', '0000-00-00 00:00:00'),
(67, 'M44/2.5', '44', 'M', '2.5', '2025-06-13 12:31:28', '0000-00-00 00:00:00'),
(68, 'MSP19/3', '19', 'MSP', '3', '2025-06-13 12:31:28', '0000-00-00 00:00:00'),
(69, 'N15/3.5', '15', 'N', '3.5', '2025-06-13 12:31:28', '0000-00-00 00:00:00'),
(70, 'N15/4', '15', 'N', '4', '2025-06-13 12:31:28', '0000-00-00 00:00:00'),
(71, 'N19/3', '19', 'N', '3', '2025-06-13 12:31:28', '0000-00-00 00:00:00'),
(72, 'N19/3.5', '19', 'N', '3.5', '2025-06-13 12:31:28', '0000-00-00 00:00:00'),
(73, 'N19/4', '19', 'N', '4', '2025-06-13 12:31:28', '0000-00-00 00:00:00'),
(74, 'N19/6', '19', 'N', '6', '2025-06-13 12:31:28', '0000-00-00 00:00:00'),
(75, 'N24/4', '24', 'N', '4', '2025-06-13 12:31:28', '0000-00-00 00:00:00'),
(76, 'N34/3.5', '34', 'N', '3.5', '2025-06-13 12:31:28', '0000-00-00 00:00:00'),
(77, 'NSP19/3', '19', 'NSP', '3', '2025-06-13 12:31:28', '0000-00-00 00:00:00'),
(78, 'M30/4', '31', 'M', '4', '2025-06-14 05:29:18', '2025-06-14 05:29:18'),
(79, 'M30/4', '30', 'M', '4', '2025-06-14 05:30:30', '2025-06-14 05:30:30'),
(83, 'M30/7', '30', 'M', '7', '2025-07-29 12:19:45', '2025-07-29 12:19:45'),
(84, 'M30/5.5', '30', 'M', '5.5', '2025-07-31 13:24:15', '2025-07-31 13:24:15');

-- --------------------------------------------------------

--
-- Table structure for table `master_variants`
--

CREATE TABLE `master_variants` (
  `id` int(11) NOT NULL,
  `job_name_id` int(11) NOT NULL,
  `variant_name` varchar(100) NOT NULL
) ENGINE=InnoDB DEFAULT CHARSET=utf8mb4 COLLATE=utf8mb4_general_ci;

--
-- Dumping data for table `master_variants`
--

INSERT INTO `master_variants` (`id`, `job_name_id`, `variant_name`) VALUES
(1, 1, 'A'),
(2, 1, 'B'),
(3, 1, 'C'),
(4, 1, 'D'),
(5, 2, 'A'),
(6, 2, 'C'),
(7, 2, 'D'),
(8, 3, 'A'),
(9, 3, 'D'),
(10, 5, 'Dulhan'),
(11, 27, 'Bottle Green Background'),
(12, 27, 'Royal Blue Background'),
(13, 27, 'Purple Background'),
(14, 27, 'Black Background');

-- --------------------------------------------------------

--
-- Table structure for table `migrations`
--

CREATE TABLE `migrations` (
  `id` int(10) UNSIGNED NOT NULL,
  `migration` varchar(255) NOT NULL,
  `batch` int(11) NOT NULL
) ENGINE=InnoDB DEFAULT CHARSET=utf8mb4 COLLATE=utf8mb4_unicode_ci;

--
-- Dumping data for table `migrations`
--

INSERT INTO `migrations` (`id`, `migration`, `batch`) VALUES
(1, '2019_12_14_000001_create_personal_access_tokens_table', 1),
(2, '2025_07_17_215657_create_sessions_table', 1),
(3, '2025_07_17_222448_create_logs_table', 2);

-- --------------------------------------------------------

--
-- Table structure for table `modules`
--

CREATE TABLE `modules` (
  `id` int(11) NOT NULL,
  `name` varchar(255) NOT NULL,
  `parent_id` int(11) DEFAULT NULL,
  `route_url` varchar(255) DEFAULT NULL,
  `sorting_order` int(11) DEFAULT NULL,
  `created_at` timestamp NOT NULL DEFAULT current_timestamp(),
  `updated_at` timestamp NOT NULL DEFAULT current_timestamp() ON UPDATE current_timestamp()
) ENGINE=InnoDB DEFAULT CHARSET=utf8mb4 COLLATE=utf8mb4_general_ci;

--
-- Dumping data for table `modules`
--

INSERT INTO `modules` (`id`, `name`, `parent_id`, `route_url`, `sorting_order`, `created_at`, `updated_at`) VALUES
(1, 'Master', 0, NULL, NULL, '2025-06-19 06:40:59', '2025-06-19 06:40:59'),
(2, 'Job Details', 0, NULL, NULL, '2025-06-19 06:40:45', '2025-06-19 06:40:45'),
(3, 'Dashboard', 0, 'dashboard', 1, '2025-06-15 15:27:35', '2025-06-19 06:38:56'),
(4, 'Bopp stock', 1, NULL, 1, '2025-06-15 14:42:17', '2025-06-19 06:41:24'),
(5, 'Non-Woven Fabric stock', 1, NULL, 2, '2025-06-15 14:43:51', '2025-06-19 06:41:28'),
(6, 'Items', 4, 'bopp-stock.items.view', 1, '2025-06-15 14:47:37', '2025-06-19 06:41:40'),
(7, 'Categories', 4, 'bopp-stock.categories.view', 2, '2025-06-15 14:47:37', '2025-06-19 06:41:43'),
(8, 'Items', 5, 'nonvoven.items.view', 1, '2025-06-15 14:50:35', '2025-06-19 06:41:48'),
(9, 'Categories', 5, 'nonvoven.categories.view', 2, '2025-06-15 14:50:35', '2025-06-19 06:41:53'),
(11, 'All', 2, 'job-details.all.view', NULL, '2025-06-19 07:11:38', '2025-06-19 07:11:38');

-- --------------------------------------------------------

--
-- Table structure for table `new_production_report`
--

CREATE TABLE `new_production_report` (
  `id` int(11) NOT NULL,
  `pro_order_id` varchar(100) NOT NULL,
  `status` enum('1','0') NOT NULL,
  `created_at` timestamp NULL DEFAULT NULL,
  `updated_at` timestamp NOT NULL DEFAULT current_timestamp()
) ENGINE=InnoDB DEFAULT CHARSET=utf8mb4 COLLATE=utf8mb4_general_ci;

--
-- Dumping data for table `new_production_report`
--

INSERT INTO `new_production_report` (`id`, `pro_order_id`, `status`, `created_at`, `updated_at`) VALUES
(1, 'INDIMX00001', '0', '2025-08-02 12:29:29', '2025-08-02 12:29:29'),
(2, 'INDIMX00002', '0', '2025-08-02 12:30:16', '2025-08-02 12:30:16'),
(3, 'INDIMX00003', '0', '2025-08-02 13:05:53', '2025-08-02 13:05:53'),
(4, 'INDIMX00004', '0', '2025-08-02 17:28:51', '2025-08-02 17:28:51'),
(5, 'INDIMX00005', '0', '2025-08-03 07:09:07', '2025-08-03 07:09:07');

-- --------------------------------------------------------

--
-- Table structure for table `non_issue`
--

CREATE TABLE `non_issue` (
  `id` int(11) NOT NULL,
  `non_roll_id` int(11) NOT NULL,
  `item_code` varchar(50) NOT NULL,
  `job_name` varchar(50) NOT NULL,
  `cut_wastage` varchar(50) NOT NULL,
  `roll_used` varchar(50) NOT NULL,
  `created_at` timestamp NULL DEFAULT NULL,
  `submit_date` timestamp NULL DEFAULT NULL
) ENGINE=InnoDB DEFAULT CHARSET=utf8mb4 COLLATE=utf8mb4_general_ci;

-- --------------------------------------------------------

--
-- Table structure for table `non_woven`
--

CREATE TABLE `non_woven` (
  `id` int(11) NOT NULL,
  `non_size` varchar(50) NOT NULL,
  `non_color` varchar(50) NOT NULL,
  `non_gsm` varchar(50) NOT NULL,
  `item_code` varchar(50) NOT NULL,
  `created_at` timestamp NULL DEFAULT NULL,
  `updated_at` timestamp NOT NULL DEFAULT current_timestamp()
) ENGINE=InnoDB DEFAULT CHARSET=utf8mb4 COLLATE=utf8mb4_general_ci;

--
-- Dumping data for table `non_woven`
--

INSERT INTO `non_woven` (`id`, `non_size`, `non_color`, `non_gsm`, `item_code`, `created_at`, `updated_at`) VALUES
(1, '35', 'BK', '78', 'B30/3.5', '2025-06-16 11:56:44', '2025-06-16 12:01:08');

-- --------------------------------------------------------

--
-- Table structure for table `non_woven_category`
--

CREATE TABLE `non_woven_category` (
  `id` int(11) NOT NULL,
  `category_name` varchar(100) NOT NULL,
  `category_value` varchar(30) NOT NULL,
  `created_at` timestamp NULL DEFAULT NULL,
  `updated_at` timestamp NOT NULL DEFAULT current_timestamp()
) ENGINE=InnoDB DEFAULT CHARSET=utf8mb4 COLLATE=utf8mb4_general_ci;

--
-- Dumping data for table `non_woven_category`
--

INSERT INTO `non_woven_category` (`id`, `category_name`, `category_value`, `created_at`, `updated_at`) VALUES
(1, 'Black', 'BK', '2022-03-05 11:48:32', '2025-06-14 06:10:26'),
(6, 'White', 'WH', NULL, '2025-07-01 07:30:13');

-- --------------------------------------------------------

--
-- Table structure for table `non_woven_rolls`
--

CREATE TABLE `non_woven_rolls` (
  `id` int(11) NOT NULL,
  `non_woven_id` int(11) NOT NULL,
  `roll_number` varchar(50) NOT NULL,
  `weight` int(11) NOT NULL,
  `remarks` varchar(200) NOT NULL,
  `created_at` timestamp NULL DEFAULT NULL
) ENGINE=InnoDB DEFAULT CHARSET=utf8mb4 COLLATE=utf8mb4_general_ci;

-- --------------------------------------------------------

--
-- Table structure for table `order_book`
--

CREATE TABLE `order_book` (
  `id` int(11) NOT NULL,
  `order_unique_number` varchar(100) DEFAULT NULL,
  `party_id` int(11) DEFAULT NULL,
  `order_job_code` int(11) DEFAULT NULL,
  `order_bopp_code` varchar(100) DEFAULT NULL,
  `order_fabric_code` varchar(100) DEFAULT NULL,
  `quantity` int(11) DEFAULT NULL,
  `quantity_type` varchar(15) DEFAULT NULL,
  `deliver_by` varchar(255) DEFAULT NULL,
  `submit_date` date DEFAULT NULL,
  `created_at` timestamp NULL DEFAULT NULL,
  `updated_at` timestamp NOT NULL DEFAULT current_timestamp()
) ENGINE=InnoDB DEFAULT CHARSET=utf8mb4 COLLATE=utf8mb4_general_ci;

--
-- Dumping data for table `order_book`
--

INSERT INTO `order_book` (`id`, `order_unique_number`, `party_id`, `order_job_code`, `order_bopp_code`, `order_fabric_code`, `quantity`, `quantity_type`, `deliver_by`, `submit_date`, `created_at`, `updated_at`) VALUES
(1, 'INDIMX00001', 3, 11, 'M960/15', 'WH30/45', 1300, 'pc', '2025-08-13', '2025-08-02', '2025-08-02 12:29:29', '2025-08-02 13:01:34'),
(2, 'INDIMX00002', 5, 7, 'M960/15', '', 100, 'pc', '2025-08-17', '2025-08-02', '2025-08-02 12:30:16', '2025-08-02 12:30:16'),
(3, 'INDIMX00003', 5, 16, 'M890/15', 'WH38/45', 1500, 'kg', '2025-08-17', '2025-08-02', '2025-08-02 13:05:53', '2025-08-02 13:06:21'),
(4, 'INDIMX00004', 3, 6, 'M740/15', '', 1000, 'pc', '2025-08-17', '2025-08-02', '2025-08-02 17:28:51', '2025-08-02 17:28:51'),
(5, 'INDIMX00005', 3, 6, 'M740/15', '', 5000, 'kg', '2025-08-16', '2025-08-03', '2025-08-03 07:09:07', '2025-08-03 07:09:07');

-- --------------------------------------------------------

--
-- Table structure for table `permissions`
--

CREATE TABLE `permissions` (
  `id` int(11) NOT NULL,
  `name` varchar(255) NOT NULL,
  `main_module` varchar(255) DEFAULT NULL,
  `sub_module` varchar(255) DEFAULT NULL,
  `parent_id` int(11) NOT NULL DEFAULT 0,
  `feature` varchar(255) DEFAULT NULL,
  `slug` varchar(255) NOT NULL,
  `route` varchar(255) DEFAULT NULL,
  `created_at` timestamp NOT NULL DEFAULT current_timestamp(),
  `updated_at` timestamp NOT NULL DEFAULT current_timestamp() ON UPDATE current_timestamp()
) ENGINE=InnoDB DEFAULT CHARSET=utf8mb4 COLLATE=utf8mb4_general_ci;

--
-- Dumping data for table `permissions`
--

INSERT INTO `permissions` (`id`, `name`, `main_module`, `sub_module`, `parent_id`, `feature`, `slug`, `route`, `created_at`, `updated_at`) VALUES
(1, 'Master', NULL, NULL, 0, '', 'master-', '', '2025-06-27 06:52:01', '2025-06-27 09:17:44'),
(2, 'Bopp Stock', NULL, NULL, 1, '', 'bopp-stock-items-', '', '2025-06-27 06:53:02', '2025-06-27 06:54:08'),
(3, 'Non Woven Fabric Stock', NULL, NULL, 1, '', 'bopp-categories-', '', '2025-06-27 06:53:10', '2025-06-27 06:54:51'),
(4, 'PP Woven Fabric stock', NULL, NULL, 1, '', 'pp-woven-fabric-stock-', '', '2025-06-27 06:55:23', '2025-06-27 06:55:23'),
(5, 'Party', NULL, NULL, 1, '', 'party-', '', '2025-06-27 06:55:41', '2025-06-27 06:55:58'),
(6, 'Job Type', NULL, NULL, 1, '', 'job-type-', '', '2025-06-27 06:55:49', '2025-07-16 11:38:39'),
(7, 'Job Name', NULL, NULL, 0, '', 'job-name-', '', '2025-06-27 06:56:23', '2025-07-11 10:08:52'),
(8, 'Bopp Stock Items', NULL, NULL, 2, NULL, 'bopp-stock-items-view', '', '2025-06-27 07:13:46', '2025-06-27 07:30:05'),
(9, 'Bopp Stock Categories', NULL, NULL, 2, NULL, 'bopp-stock-items-save', '', '2025-06-27 07:14:16', '2025-06-27 07:30:08'),
(10, 'Bopp Stock Items View', NULL, NULL, 8, 'View', 'bopp-stock-items-view-view', 'boppstock.items.view', '2025-06-27 07:14:28', '2025-06-27 09:17:16'),
(11, 'Bopp Stock Items Save', NULL, NULL, 8, 'Save', 'bopp-stock -items-save', 'admin.bopp-stock-pp-item.save', '2025-06-27 07:14:44', '2025-06-27 07:28:49'),
(12, 'Bopp Stock Items Update', NULL, NULL, 8, 'Update', 'bopp-stock-items-update-update', 'admin.bopp-stock-pp-item.save', '2025-06-27 07:30:40', '2025-06-27 07:30:40'),
(13, 'Bopp Stock Items Delete', NULL, NULL, 8, 'Delete', 'bopp-stock-items-delete-delete', 'admin.bopp-stock-pp-item.remove', '2025-06-27 07:31:17', '2025-06-27 07:31:17'),
(14, 'Bopp Stock Categories View', NULL, NULL, 9, 'View', 'bopp-stock-categories-view-view', 'bopp-stock.categories.view', '2025-06-27 07:39:18', '2025-06-27 07:39:18'),
(15, 'Bopp Stock Categories Save', NULL, NULL, 9, 'Save', 'bopp-stock-categories-save-save', 'admin.bopp-stock-pp-categories.save', '2025-06-27 07:39:43', '2025-06-27 07:39:43'),
(16, 'Bopp Stock Categories Update', NULL, NULL, 9, 'Update', 'bopp-stock-categories-update-update', 'admin.bopp-stock-pp-categories.save', '2025-06-27 07:42:17', '2025-06-27 07:42:17'),
(17, 'Bopp Stock Categories Delete', NULL, NULL, 9, 'Delete', 'bopp-stock-categories-delete-delete', 'admin.bopp-stock-pp-categories.remove', '2025-06-27 07:46:36', '2025-06-27 07:46:36'),
(18, 'Non Woven Fabric Items', NULL, NULL, 3, '', 'non-woven-fabric-items-', '', '2025-06-27 08:45:35', '2025-06-27 09:18:35'),
(19, 'Non Woven Fabric Categories', NULL, NULL, 3, '', 'non-woven-fabric-categories-', '', '2025-06-27 08:45:53', '2025-06-27 09:18:45'),
(20, 'Non Woven Fabric Items View', NULL, NULL, 18, 'View', 'non-woven-fabric-items-view-view', 'non-wovenfabricstock.items.view', '2025-06-27 08:47:23', '2025-06-27 09:18:55'),
(21, 'Non Woven Fabric Items Save', NULL, NULL, 18, 'Save', 'non-woven-fabric-items-save-save', 'admin.NonWovenItem.save', '2025-06-27 08:47:50', '2025-06-27 09:19:33'),
(22, 'Non Woven Fabric Items Update', NULL, NULL, 18, 'Update', 'non-woven-fabric-items-update-update', 'admin.NonWovenItem.save', '2025-06-27 08:48:20', '2025-06-27 09:19:42'),
(23, 'Non Woven Fabric Items Delete', NULL, NULL, 18, 'Delete', 'non-woven-fabric-items-delete-delete', 'non-wovenfabricstock.items.delete', '2025-06-27 08:48:41', '2025-06-27 09:19:51'),
(24, 'Non Woven Fabric Categories View', NULL, NULL, 19, 'View', 'non-woven-fabric-categories-view-view', 'non-wovenfabricstock.categories.view', '2025-06-27 09:33:45', '2025-06-27 09:33:45'),
(25, 'Non Woven Fabric Categories Save', NULL, NULL, 19, 'Save', 'non-woven-fabric-categories-save-save', 'admin.NonWovenCategory.save', '2025-06-27 09:34:12', '2025-06-27 09:34:12'),
(26, 'No Woven Fabric Categories Update', NULL, NULL, 19, 'Update', 'no-woven-fabric-categories-update-update', 'admin.NonWovenCategory.save', '2025-06-27 09:34:31', '2025-06-27 09:34:31'),
(27, 'Non Woven Fabric Categories Delete', NULL, NULL, 19, 'Delete', 'non-woven-fabric-categories-delete-delete', 'admin.NonWovenCategory.remove', '2025-06-27 09:34:53', '2025-06-27 09:34:53'),
(28, 'PP Woven Fabric stock Items', NULL, NULL, 4, '', 'pp-woven-fabric-stock-items-', '', '2025-06-27 09:37:22', '2025-06-27 09:37:22'),
(29, 'PP Woven Fabric stock Categories', NULL, NULL, 4, '', 'pp-woven-fabric-stock-categories-', '', '2025-06-27 09:37:38', '2025-06-27 09:37:38'),
(30, 'PP Woven Fabric stock Items View', NULL, NULL, 28, 'View', 'pp-woven-fabric-stock-items-view-view', 'ppwovenfabricstock.items.view', '2025-06-27 09:38:34', '2025-06-27 09:38:34'),
(31, 'PP Woven Fabric stock Items Save', NULL, NULL, 28, 'Save', 'pp-woven-fabric-stock-items-save-save', 'admin.PPWovenItem.save', '2025-06-27 09:38:57', '2025-06-27 09:38:57'),
(32, 'PP Woven Fabric stock Items Update', NULL, NULL, 28, 'Update', 'pp-woven-fabric-stock-items-update-update', 'admin.PPWovenItem.save', '2025-06-27 09:39:18', '2025-06-27 09:39:18'),
(33, 'PP Woven Fabric stock Items Delete', NULL, NULL, 28, 'Delete', 'pp-woven-fabric-stock-items-delete-delete', 'admin.PPWovenItem.remove', '2025-06-27 09:39:51', '2025-06-27 09:39:51'),
(34, 'PP Woven Fabric stock Categories View', NULL, NULL, 29, 'View', 'pp-woven-fabric-stock-categories-view-view', 'ppwovenfabricstock.categories.view', '2025-06-27 09:40:15', '2025-06-27 09:40:15'),
(35, 'PP Woven Fabric stock Categories Save', NULL, NULL, 29, 'Save', 'pp-woven-fabric-stock-categories-save-save', 'admin.PPWovenCategory.save', '2025-06-27 09:40:33', '2025-06-27 09:40:33'),
(36, 'PP Woven Fabric stock Categories Update', NULL, NULL, 29, 'Update', 'pp-woven-fabric-stock-categories-update-update', 'admin.PPWovenCategory.save', '2025-06-27 09:40:51', '2025-06-27 09:40:51'),
(37, 'PP Woven Fabric stock Categories Delete', NULL, NULL, 29, 'Delete', 'pp-woven-fabric-stock-categories-delete-delete', 'admin.PPWovenCategory.remove', '2025-06-27 09:41:10', '2025-06-27 09:41:10'),
(38, 'Party View', NULL, NULL, 5, 'View', 'party-view-view', 'admin.party', '2025-06-27 09:42:17', '2025-06-27 09:42:17'),
(39, 'Party Save', NULL, NULL, 5, 'Save', 'party-save-save', 'admin.party.save', '2025-06-27 09:42:33', '2025-06-27 09:42:33'),
(40, 'Party Update', NULL, NULL, 5, 'Update', 'party-update-update', 'admin.party.save', '2025-06-27 09:42:51', '2025-06-27 09:42:51'),
(41, 'Party Delete', NULL, NULL, 5, 'Delete', 'party-delete-delete', 'admin.party.delete', '2025-06-27 09:43:09', '2025-06-27 09:43:09'),
(42, 'Job Type View', NULL, NULL, 6, 'View', 'job-type-view-view', 'jobtypes.view', '2025-06-27 09:44:21', '2025-07-16 11:38:57'),
(43, 'Job Type Save', NULL, NULL, 6, 'Save', 'job-type-save-save', 'jobtypes.save', '2025-06-27 09:44:35', '2025-07-16 11:39:14'),
(44, 'Job Type Update', NULL, NULL, 6, 'Update', 'job-type-update-update', 'jobtypes.save', '2025-06-27 09:44:52', '2025-07-16 11:39:40'),
(45, 'Job Type Delete', NULL, NULL, 6, 'Delete', 'job-type-delete-delete', 'jobtypes.remove', '2025-06-27 09:45:09', '2025-07-16 11:39:51'),
(46, 'Job Name View', NULL, NULL, 7, 'View', 'job-name-view-view', 'jobnames.view', '2025-06-27 09:50:44', '2025-06-27 09:50:44'),
(47, 'Job Name Save', NULL, NULL, 7, 'Save', 'job-name-save-save', 'jobnames.save', '2025-06-27 09:54:36', '2025-06-27 09:54:36'),
(48, 'Job Name Update', NULL, NULL, 7, 'Update', 'job-name-update-update', 'jobnames.save', '2025-06-27 09:54:53', '2025-06-27 09:54:53'),
(49, 'Job Name Delete', NULL, NULL, 7, 'Delete', 'job-name-delete-delete', 'jobnames.remove', '2025-06-27 09:55:10', '2025-06-27 09:55:10'),
(50, 'Order Book', NULL, NULL, 0, '', 'order-book-', '', '2025-06-27 10:08:07', '2025-06-27 10:08:07'),
(51, 'Order Book View', NULL, NULL, 50, 'View', 'order-book-view-view', 'orderbooks.items.view', '2025-06-27 10:08:40', '2025-06-27 10:08:40'),
(52, 'Order Book Save', NULL, NULL, 50, 'Save', 'order-book-save-save', 'admin.orderbooks.save', '2025-06-27 10:08:57', '2025-06-27 10:08:57'),
(53, 'Order Book Update', NULL, NULL, 50, 'Update', 'order-book-update-update', 'admin.orderbooks.save', '2025-06-27 10:09:16', '2025-06-27 10:09:16'),
(54, 'Order Book Delete', NULL, NULL, 50, 'Delete', 'order-book-delete-delete', 'admin.orderbooks.remove', '2025-06-27 10:09:32', '2025-06-27 10:09:32'),
(55, 'Roles and Users', NULL, NULL, 0, '', 'roles-and-users-', '', '2025-06-27 17:50:09', '2025-06-27 17:50:09'),
(56, 'Roles', NULL, NULL, 55, '', 'roles-', '', '2025-06-27 17:50:31', '2025-06-27 17:50:31'),
(57, 'Users', NULL, NULL, 55, '', 'users-', '', '2025-06-27 17:50:41', '2025-06-27 17:50:41'),
(58, 'Roles View', NULL, NULL, 56, 'View', 'roles-view-view', 'admin.role', '2025-06-27 17:51:59', '2025-06-27 17:51:59'),
(59, 'Roles Save', NULL, NULL, 56, 'Save', 'roles-save-save', 'admin.role.create.post', '2025-06-27 17:54:53', '2025-06-27 17:54:53'),
(60, 'Roles Update', NULL, NULL, 56, 'Update', 'roles-update-update', 'admin.role.create.post', '2025-06-27 17:55:16', '2025-06-27 17:55:16'),
(61, 'Roles Delete', NULL, NULL, 56, 'Delete', 'roles-delete-delete', 'admin.role.delete', '2025-06-27 17:58:30', '2025-06-27 17:58:30'),
(62, 'Permissions', NULL, NULL, 0, '', 'permissions-', '', '2025-06-27 18:06:35', '2025-06-27 18:06:35'),
(63, 'Permission Assign', NULL, NULL, 62, 'Assign', 'permission-assign-assign', 'admin.rolepermission.save', '2025-06-27 18:08:02', '2025-06-28 04:58:21'),
(64, 'Permissions View', NULL, NULL, 62, 'View', 'permissions-view-view', 'admin.rolepermission', '2025-06-27 18:09:26', '2025-06-27 18:09:26'),
(65, 'Job Details', NULL, NULL, 0, '', 'job-details-', '', '2025-06-28 05:44:58', '2025-06-28 05:44:58'),
(71, 'Users View', NULL, NULL, 57, 'View', 'users-view-view', 'admin.users', '2025-07-03 11:59:55', '2025-07-03 11:59:55'),
(72, 'Users Save', NULL, NULL, 57, 'Save', 'users-save-save', 'admin.users.save', '2025-07-03 12:00:33', '2025-07-03 12:00:33'),
(73, 'Users Delete', NULL, NULL, 57, 'Delete', 'users-delete-delete', 'admin.users.delete', '2025-07-03 12:00:58', '2025-07-03 12:00:58'),
(74, 'Users Update', NULL, NULL, 57, 'Update', 'users-update-update', 'admin.users.save', '2025-07-03 12:01:22', '2025-07-03 12:01:22'),
(79, 'All Jobs', NULL, NULL, 65, '', 'all-jobs-', '', '2025-07-15 08:42:37', '2025-07-15 08:42:37'),
(80, 'Pending Jobs', NULL, NULL, 65, '', 'pending-jobs-', '', '2025-07-15 08:42:52', '2025-07-15 08:42:52'),
(81, 'Saved Jobs', NULL, NULL, 65, '', 'saved-jobs-', '', '2025-07-15 08:43:20', '2025-07-15 08:43:20'),
(82, 'Job Details All View', NULL, NULL, 79, 'View', 'job-details-all-view-view', 'jobdetails.view.all', '2025-07-15 08:44:12', '2025-07-15 09:16:49'),
(84, 'Job Details Pending View', NULL, NULL, 80, 'View', 'job-details-pending-view-view', 'jobdetails.view.pending', '2025-07-15 08:45:52', '2025-07-15 09:17:06'),
(85, 'Job Details Saved View', NULL, NULL, 81, 'View', 'job-details-saved-view-view', 'jobdetails.view.saved', '2025-07-15 08:46:23', '2025-07-15 09:17:34'),
(86, 'Job Details All Save', NULL, NULL, 79, 'Save', 'job-details-all-save-save', 'jobdetails.save', '2025-07-15 08:49:30', '2025-07-15 08:49:30'),
(87, 'Job Details Pending Save', NULL, NULL, 80, 'Save', 'job-details-pending-save-save', 'jobdetails.save', '2025-07-15 08:50:33', '2025-07-15 08:50:33'),
(88, 'Job Details Saved Update', NULL, NULL, 81, 'Update', 'job-details-saved-update-update', 'jobdetails.save', '2025-07-15 08:51:28', '2025-07-15 08:58:37'),
(89, 'Job Details All Delete', NULL, NULL, 79, 'Delete', 'job-details-all-delete-delete', 'jobdetails.remove', '2025-07-15 08:53:05', '2025-07-15 08:53:05'),
(90, 'Job Details All Update', NULL, NULL, 79, 'Update', 'job-details-all-update-update', 'jobdetails.save', '2025-07-15 08:54:26', '2025-07-15 08:54:26'),
(91, 'Job Details Pending Update', NULL, NULL, 80, 'Update', 'job-details-pending-update-update', 'jobdetails.save', '2025-07-15 08:55:23', '2025-07-15 08:55:23'),
(92, 'Job Details Pending Delete', NULL, NULL, 80, 'Delete', 'job-details-pending-delete-delete', 'jobdetails.remove', '2025-07-15 08:56:26', '2025-07-15 08:56:26'),
(93, 'Job Details Pending Approve', NULL, NULL, 80, 'Approve', 'job-details-pending-approve-approve', 'approveJob', '2025-07-15 08:57:09', '2025-07-15 08:57:09'),
(94, 'Job Details Saved Delete', NULL, NULL, 81, 'Delete', 'job-details-saved-delete-delete', 'jobdetails.remove', '2025-07-15 08:59:11', '2025-07-15 08:59:11'),
(95, 'Job Details All Show', NULL, NULL, 79, 'Show', 'job-details-all-show-show', '', '2025-07-15 18:34:42', '2025-07-15 18:34:42'),
(96, 'Job Details Pending Show', NULL, NULL, 80, 'Show', 'job-details-pending-show-show', '', '2025-07-15 18:35:04', '2025-07-15 18:35:04'),
(97, 'Job Details Saved Show', NULL, NULL, 81, 'Show', 'job-details-saved-show-show', '', '2025-07-15 18:35:34', '2025-07-15 18:35:34'),
(98, 'Job Details View', NULL, NULL, 65, 'View', 'job-details-view-view', 'jobdetails.view', '2025-08-02 07:06:24', '2025-08-02 07:06:24');

-- --------------------------------------------------------

--
-- Table structure for table `permission_category`
--

CREATE TABLE `permission_category` (
  `id` int(10) UNSIGNED NOT NULL,
  `prem_group_id` int(11) NOT NULL,
  `name` varchar(50) NOT NULL,
  `enable_view` int(11) DEFAULT NULL,
  `enable_edit` int(11) DEFAULT NULL,
  `enable_add` int(11) DEFAULT NULL,
  `enable_delete` int(11) DEFAULT NULL,
  `created_at` timestamp NULL DEFAULT NULL,
  `updated_at` timestamp NOT NULL DEFAULT current_timestamp()
) ENGINE=InnoDB DEFAULT CHARSET=utf8mb4 COLLATE=utf8mb4_general_ci;

--
-- Dumping data for table `permission_category`
--

INSERT INTO `permission_category` (`id`, `prem_group_id`, `name`, `enable_view`, `enable_edit`, `enable_add`, `enable_delete`, `created_at`, `updated_at`) VALUES
(1, 1, 'Dashboard', 1, 1, 1, 1, '2022-08-30 06:03:35', '2025-06-12 14:45:34'),
(2, 2, 'Bopp Stock', 1, 1, 1, 1, '2022-08-30 06:05:14', '2025-06-12 14:45:34'),
(3, 2, 'Non-woven Fabric Stock', 1, 1, 1, 1, '2022-08-30 06:05:30', '2025-06-12 14:45:34'),
(4, 2, 'PP-Woven Fabric Stock', 1, 1, 1, 1, '2022-08-30 06:05:46', '2025-06-12 14:45:34'),
(5, 2, 'Party Name', 1, 1, 1, 1, '2022-08-30 06:05:54', '2025-06-12 14:45:34'),
(6, 2, 'Job Type', 1, 1, 1, 1, '2022-08-30 06:06:09', '2025-06-12 14:45:34'),
(7, 2, 'Job Name & Variants', 1, 1, 1, 1, '2022-08-30 06:06:26', '2025-06-12 14:45:34'),
(8, 3, 'Materials Stock', 1, 1, 1, 1, '2022-08-30 06:06:59', '2025-06-12 14:45:34'),
(9, 3, 'Shop Inventory', 1, 1, 1, 1, '2022-08-30 06:07:16', '2025-06-12 14:45:34'),
(10, 4, 'Order Book', 1, 1, 1, 1, '2022-08-30 06:07:52', '2025-06-12 14:45:34'),
(11, 5, 'Requirements', 1, 1, 1, 1, '2022-08-30 06:08:17', '2025-06-12 14:45:34'),
(12, 5, 'Order Placed', 1, 1, 1, 1, '2022-08-30 06:08:27', '2025-06-12 14:45:34'),
(13, 5, 'GRN', 1, 1, 1, 1, '2022-08-30 06:08:35', '2025-06-12 14:45:34'),
(14, 6, 'All Job', 1, 1, 0, 0, '2022-08-30 06:08:51', '2025-06-12 14:45:39'),
(15, 6, 'Saved Job', 1, 1, 1, 1, '2022-08-30 06:09:01', '2025-06-12 14:45:34'),
(16, 6, 'Pending Job', 1, 1, 1, 1, '2022-08-30 06:09:16', '2025-06-12 14:45:34'),
(17, 7, 'Production Report', 0, 0, 0, 0, '2022-08-30 07:51:20', '2025-06-12 14:45:34'),
(18, 8, 'Dispatch Details', 1, 1, 1, 1, '2022-08-30 07:51:59', '2025-06-12 14:45:34'),
(19, 9, 'Cost Sheet', 0, 1, 1, 0, '2022-08-30 07:52:19', '2025-06-12 14:45:34'),
(20, 5, 'Purchase Book', 0, 0, 1, 0, '2022-08-30 07:52:46', '2025-06-12 14:45:34'),
(21, 6, 'Job Detail', 1, 0, 0, 0, '2022-08-30 07:53:37', '2025-06-12 14:45:34'),
(22, 2, 'Master', 1, 0, 0, 0, '2022-08-30 08:23:43', '2025-06-12 14:45:34'),
(23, 8, 'Dispatch Challlan PDF', 1, 0, 0, 0, '2022-09-09 19:20:01', '2025-06-12 14:45:34'),
(24, 8, 'Dispatch Packing PDF', 1, 0, 0, 0, '2022-09-09 19:20:10', '2025-06-12 14:45:34'),
(25, 10, 'Test', 1, 0, 1, 0, '2023-05-25 01:22:10', '2025-06-12 14:45:34'),
(26, 11, 'Test2', 0, 0, 0, 0, '2023-05-26 04:58:08', '2025-06-12 14:45:34'),
(27, 12, 'Book 1', NULL, NULL, NULL, NULL, '2025-06-14 12:26:21', '2025-06-14 12:26:21');

-- --------------------------------------------------------

--
-- Table structure for table `permission_group`
--

CREATE TABLE `permission_group` (
  `id` int(11) NOT NULL,
  `name` varchar(150) NOT NULL,
  `created_at` timestamp NOT NULL DEFAULT current_timestamp() ON UPDATE current_timestamp(),
  `updated_at` timestamp NOT NULL DEFAULT current_timestamp()
) ENGINE=InnoDB DEFAULT CHARSET=utf8mb4 COLLATE=utf8mb4_general_ci;

--
-- Dumping data for table `permission_group`
--

INSERT INTO `permission_group` (`id`, `name`, `created_at`, `updated_at`) VALUES
(1, 'Dashboard', '2022-08-30 06:00:08', '2025-06-14 12:13:57'),
(2, 'Master', '2022-08-30 06:00:38', '2025-06-14 12:13:57'),
(3, 'Stock', '2022-08-30 06:00:43', '2025-06-14 12:13:57'),
(4, 'Order Book', '2022-08-30 06:00:51', '2025-06-14 12:13:57'),
(5, 'Purchase Book', '2022-08-30 06:01:00', '2025-06-14 12:13:57'),
(6, 'Job Details', '2022-08-30 06:01:40', '2025-06-14 12:13:57'),
(7, 'Production Report', '2022-08-30 06:01:16', '2025-06-14 12:13:57'),
(8, 'Dispatch Details', '2022-08-30 06:01:25', '2025-06-14 12:13:57'),
(9, 'Cost Sheet', '2022-08-30 06:01:32', '2025-06-14 12:13:57'),
(10, 'test', '2023-05-25 01:21:58', '2025-06-14 12:13:57'),
(11, 'test new', '2025-06-14 12:20:52', '2025-06-14 12:14:03'),
(12, 'book and craft', '2025-06-14 12:22:50', '2025-06-14 12:22:50');

-- --------------------------------------------------------

--
-- Table structure for table `personal_access_tokens`
--

CREATE TABLE `personal_access_tokens` (
  `id` bigint(20) UNSIGNED NOT NULL,
  `tokenable_type` varchar(255) NOT NULL,
  `tokenable_id` bigint(20) UNSIGNED NOT NULL,
  `name` varchar(255) NOT NULL,
  `token` varchar(64) NOT NULL,
  `abilities` text DEFAULT NULL,
  `last_used_at` timestamp NULL DEFAULT NULL,
  `expires_at` timestamp NULL DEFAULT NULL,
  `created_at` timestamp NULL DEFAULT NULL,
  `updated_at` timestamp NULL DEFAULT NULL
) ENGINE=InnoDB DEFAULT CHARSET=utf8mb4 COLLATE=utf8mb4_unicode_ci;

-- --------------------------------------------------------

--
-- Table structure for table `pp_issue`
--

CREATE TABLE `pp_issue` (
  `id` int(11) NOT NULL,
  `pp_roll_id` int(11) NOT NULL,
  `item_code` varchar(50) NOT NULL,
  `job_name` varchar(50) NOT NULL,
  `cut_wastage` varchar(50) NOT NULL,
  `roll_used` varchar(50) NOT NULL,
  `created_at` timestamp NULL DEFAULT NULL,
  `submit_date` timestamp NULL DEFAULT NULL
) ENGINE=InnoDB DEFAULT CHARSET=utf8mb4 COLLATE=utf8mb4_general_ci;

-- --------------------------------------------------------

--
-- Table structure for table `pp_rates`
--

CREATE TABLE `pp_rates` (
  `id` int(11) NOT NULL,
  `current_rate` int(11) NOT NULL,
  `rate_sign` enum('1','0') NOT NULL,
  `rate_value` int(11) NOT NULL,
  `created_at` timestamp NOT NULL DEFAULT current_timestamp() ON UPDATE current_timestamp(),
  `updated_at` timestamp NULL DEFAULT NULL
) ENGINE=InnoDB DEFAULT CHARSET=utf8mb4 COLLATE=utf8mb4_general_ci;

--
-- Dumping data for table `pp_rates`
--

INSERT INTO `pp_rates` (`id`, `current_rate`, `rate_sign`, `rate_value`, `created_at`, `updated_at`) VALUES
(1, 3504, '1', 6, '2022-03-17 22:17:23', '2022-03-17 22:17:23');

-- --------------------------------------------------------

--
-- Table structure for table `pp_woven`
--

CREATE TABLE `pp_woven` (
  `id` int(11) NOT NULL,
  `pp_size` varchar(50) NOT NULL,
  `pp_category` varchar(50) NOT NULL,
  `pp_gms` varchar(50) NOT NULL,
  `pp_party_name` varchar(50) NOT NULL,
  `created_at` timestamp NULL DEFAULT NULL
) ENGINE=InnoDB DEFAULT CHARSET=utf8mb4 COLLATE=utf8mb4_general_ci;

-- --------------------------------------------------------

--
-- Table structure for table `pp_woven_category`
--

CREATE TABLE `pp_woven_category` (
  `id` int(11) NOT NULL,
  `category_name` varchar(100) NOT NULL,
  `category_value` varchar(30) NOT NULL,
  `created_at` timestamp NULL DEFAULT NULL,
  `updated_at` timestamp NOT NULL DEFAULT current_timestamp()
) ENGINE=InnoDB DEFAULT CHARSET=utf8mb4 COLLATE=utf8mb4_general_ci;

--
-- Dumping data for table `pp_woven_category`
--

INSERT INTO `pp_woven_category` (`id`, `category_name`, `category_value`, `created_at`, `updated_at`) VALUES
(1, 'Milky', 'M', '2022-03-05 11:56:23', '2025-06-17 08:00:57');

-- --------------------------------------------------------

--
-- Table structure for table `pp_woven_rolls`
--

CREATE TABLE `pp_woven_rolls` (
  `id` int(11) NOT NULL,
  `pp_woven_id` int(11) NOT NULL,
  `roll_number` varchar(50) NOT NULL,
  `weight` int(11) NOT NULL,
  `remarks` varchar(200) NOT NULL,
  `created_at` timestamp NULL DEFAULT NULL
) ENGINE=InnoDB DEFAULT CHARSET=utf8mb4 COLLATE=utf8mb4_general_ci;

-- --------------------------------------------------------

--
-- Table structure for table `production_detail`
--

CREATE TABLE `production_detail` (
  `id` int(11) NOT NULL,
  `plain_bopp_weight` varchar(50) NOT NULL,
  `plain_bopp` varchar(50) NOT NULL,
  `printed_bopp` varchar(50) NOT NULL,
  `cut_wastage` varchar(50) NOT NULL,
  `printing_date` timestamp NULL DEFAULT NULL,
  `printed_bopp_weight` varchar(50) NOT NULL,
  `fabric_weight` varchar(50) NOT NULL,
  `output_weight` varchar(50) NOT NULL,
  `lamination_date` timestamp NULL DEFAULT NULL,
  `created_at` timestamp NULL DEFAULT NULL
) ENGINE=InnoDB DEFAULT CHARSET=utf8mb4 COLLATE=utf8mb4_general_ci;

--
-- Dumping data for table `production_detail`
--

INSERT INTO `production_detail` (`id`, `plain_bopp_weight`, `plain_bopp`, `printed_bopp`, `cut_wastage`, `printing_date`, `printed_bopp_weight`, `fabric_weight`, `output_weight`, `lamination_date`, `created_at`) VALUES
(1, '150', '', '160', '2', '0000-00-00 00:00:00', '153', '1000', '1500', '0000-00-00 00:00:00', '2021-12-04 01:02:56'),
(2, '100', 'Infinity', '', '', '0000-00-00 00:00:00', '', '', '', '0000-00-00 00:00:00', '2021-10-07 02:41:46');

-- --------------------------------------------------------

--
-- Table structure for table `production_dispatch`
--

CREATE TABLE `production_dispatch` (
  `id` int(11) NOT NULL,
  `bag_avg` int(11) NOT NULL,
  `printing_avg` int(11) NOT NULL,
  `printing_per` int(11) NOT NULL,
  `lamination_wastage` int(11) NOT NULL,
  `lamination_per` int(11) NOT NULL,
  `wastage` int(11) NOT NULL
) ENGINE=InnoDB DEFAULT CHARSET=utf8mb4 COLLATE=utf8mb4_general_ci;

--
-- Dumping data for table `production_dispatch`
--

INSERT INTO `production_dispatch` (`id`, `bag_avg`, `printing_avg`, `printing_per`, `lamination_wastage`, `lamination_per`, `wastage`) VALUES
(1, 0, 0, 0, 0, 0, 0),
(2, 250, 300, 38, 245, 49, 4748),
(3, 250, 300, 38, 245, 49, 4748),
(4, 250, 300, 38, 245, 49, 4748),
(5, 250, 300, 38, 245, 49, 4748),
(6, 250, 300, 38, 245, 49, 4748),
(7, 250, 256, 34, 245, 49, 4748),
(8, 0, 0, 0, 0, 0, 0);

-- --------------------------------------------------------

--
-- Table structure for table `production_dispatch_detail`
--

CREATE TABLE `production_dispatch_detail` (
  `id` int(11) NOT NULL,
  `production_dispatch_id` int(11) NOT NULL,
  `challan_number` int(11) NOT NULL
) ENGINE=InnoDB DEFAULT CHARSET=utf8mb4 COLLATE=utf8mb4_general_ci;

--
-- Dumping data for table `production_dispatch_detail`
--

INSERT INTO `production_dispatch_detail` (`id`, `production_dispatch_id`, `challan_number`) VALUES
(1, 7, 4557),
(2, 7, 4544);

-- --------------------------------------------------------

--
-- Table structure for table `production_order`
--

CREATE TABLE `production_order` (
  `id` int(11) NOT NULL,
  `order_number` varchar(50) NOT NULL,
  `job_type` varchar(50) NOT NULL,
  `quantity` varchar(50) NOT NULL,
  `bopp_printed` varchar(50) NOT NULL,
  `job_code` varchar(50) NOT NULL,
  `weight` varchar(50) NOT NULL,
  `job_name` varchar(50) NOT NULL,
  `order_variant` varchar(50) NOT NULL,
  `bopp_size` varchar(50) NOT NULL,
  `bopp_type` varchar(50) NOT NULL,
  `bopp_micron` varchar(50) NOT NULL,
  `bopp_weight` varchar(50) NOT NULL,
  `fabric_size` varchar(50) NOT NULL,
  `fabric_type` varchar(50) NOT NULL,
  `fabric_gramage` varchar(50) NOT NULL,
  `created_at` timestamp NULL DEFAULT NULL,
  `submit_date` timestamp NULL DEFAULT NULL
) ENGINE=InnoDB DEFAULT CHARSET=utf8mb4 COLLATE=utf8mb4_general_ci;

--
-- Dumping data for table `production_order`
--

INSERT INTO `production_order` (`id`, `order_number`, `job_type`, `quantity`, `bopp_printed`, `job_code`, `weight`, `job_name`, `order_variant`, `bopp_size`, `bopp_type`, `bopp_micron`, `bopp_weight`, `fabric_size`, `fabric_type`, `fabric_gramage`, `created_at`, `submit_date`) VALUES
(1, '111', '', '', '', '', '111', '', '', '', '', '11', '', '', '', '', '2021-12-04 01:02:56', '0000-00-00 00:00:00'),
(2, '', '', '', '', '', '', '', '', '', '', '', '', '', '', '', '2021-10-07 02:41:46', '0000-00-00 00:00:00');

-- --------------------------------------------------------

--
-- Table structure for table `production_report`
--

CREATE TABLE `production_report` (
  `id` int(11) NOT NULL,
  `pro_order_id` int(11) NOT NULL,
  `pro_detail_id` int(11) NOT NULL,
  `pro_dispatch_id` int(11) NOT NULL,
  `status` varchar(50) NOT NULL,
  `created_at` timestamp NULL DEFAULT NULL
) ENGINE=InnoDB DEFAULT CHARSET=utf8mb4 COLLATE=utf8mb4_general_ci;

--
-- Dumping data for table `production_report`
--

INSERT INTO `production_report` (`id`, `pro_order_id`, `pro_detail_id`, `pro_dispatch_id`, `status`, `created_at`) VALUES
(1, 1, 1, 0, '0', '2021-12-04 01:02:56'),
(2, 2, 2, 8, '1', '2021-10-07 02:41:46');

-- --------------------------------------------------------

--
-- Table structure for table `purchase_book`
--

CREATE TABLE `purchase_book` (
  `id` int(11) NOT NULL,
  `purchase_unique` varchar(50) NOT NULL,
  `party_name` int(11) NOT NULL,
  `created_at` timestamp NULL DEFAULT NULL,
  `submit_date` date DEFAULT NULL
) ENGINE=InnoDB DEFAULT CHARSET=utf8mb4 COLLATE=utf8mb4_general_ci;

--
-- Dumping data for table `purchase_book`
--

INSERT INTO `purchase_book` (`id`, `purchase_unique`, `party_name`, `created_at`, `submit_date`) VALUES
(27, '00007', 10, '2022-12-07 23:11:43', '2022-12-07'),
(28, '00007', 4, '2022-12-07 23:13:01', '2022-12-07');

-- --------------------------------------------------------

--
-- Table structure for table `purchase_book_detail`
--

CREATE TABLE `purchase_book_detail` (
  `id` int(11) NOT NULL,
  `purchase_book_id` int(20) NOT NULL,
  `item_code` varchar(50) NOT NULL,
  `item_type` varchar(50) NOT NULL,
  `particulars` varchar(100) NOT NULL,
  `weight` int(11) NOT NULL,
  `mtrs` int(11) NOT NULL,
  `rate` int(11) NOT NULL
) ENGINE=InnoDB DEFAULT CHARSET=utf8mb4 COLLATE=utf8mb4_general_ci;

--
-- Dumping data for table `purchase_book_detail`
--

INSERT INTO `purchase_book_detail` (`id`, `purchase_book_id`, `item_code`, `item_type`, `particulars`, `weight`, `mtrs`, `rate`) VALUES
(34, 27, 'G1030/15', ' 15 MM Gloss Mic BOPP', '15 MM Gloss Mic BOPP', 200, 300, 100),
(35, 28, 'G1020/15', ' 15 MM Gloss Mic BOPP', '15 MM Gloss Mic BOPP', 200, 388, 588);

-- --------------------------------------------------------

--
-- Table structure for table `roles`
--

CREATE TABLE `roles` (
  `id` int(10) UNSIGNED NOT NULL,
  `role_name` varchar(50) NOT NULL,
  `is_super_admin` int(11) NOT NULL DEFAULT 0,
  `created_at` timestamp NULL DEFAULT NULL,
  `updated_at` timestamp NOT NULL DEFAULT current_timestamp()
) ENGINE=InnoDB DEFAULT CHARSET=utf8mb4 COLLATE=utf8mb4_general_ci;

--
-- Dumping data for table `roles`
--

INSERT INTO `roles` (`id`, `role_name`, `is_super_admin`, `created_at`, `updated_at`) VALUES
(1, 'Admin', 0, '2025-06-14 13:28:00', '2025-06-14 13:27:56'),
(2, 'Designer', 0, '2022-08-29 11:01:14', '2025-06-12 12:44:42'),
(3, 'Production', 0, '2022-08-29 11:01:21', '2025-06-12 12:44:42'),
(4, 'Accountant', 0, '2022-08-29 11:01:27', '2025-06-12 12:44:42'),
(5, 'Dispatch', 0, '2022-08-29 11:01:34', '2025-06-12 12:44:42'),
(6, 'Super Admin', 1, '2022-08-29 12:56:26', '2025-06-12 12:44:42');

-- --------------------------------------------------------

--
-- Table structure for table `role_permissions`
--

CREATE TABLE `role_permissions` (
  `id` int(11) NOT NULL,
  `role_id` bigint(11) NOT NULL,
  `permission_id` bigint(11) NOT NULL,
  `created_at` timestamp NOT NULL DEFAULT current_timestamp(),
  `updated_at` timestamp NOT NULL DEFAULT current_timestamp() ON UPDATE current_timestamp()
) ENGINE=InnoDB DEFAULT CHARSET=utf8mb4 COLLATE=utf8mb4_general_ci;

--
-- Dumping data for table `role_permissions`
--

INSERT INTO `role_permissions` (`id`, `role_id`, `permission_id`, `created_at`, `updated_at`) VALUES
(2450, 2, 38, '2025-07-19 11:02:27', '2025-07-19 11:02:27'),
(2451, 2, 39, '2025-07-19 11:02:27', '2025-07-19 11:02:27'),
(2452, 2, 46, '2025-07-19 11:02:27', '2025-07-19 11:02:27'),
(2453, 2, 47, '2025-07-19 11:02:27', '2025-07-19 11:02:27'),
(2454, 2, 84, '2025-07-19 11:02:27', '2025-07-19 11:02:27'),
(2455, 2, 87, '2025-07-19 11:02:27', '2025-07-19 11:02:27'),
(2456, 2, 81, '2025-07-19 11:02:27', '2025-07-19 11:02:27'),
(2457, 2, 85, '2025-07-19 11:02:27', '2025-07-19 11:02:27'),
(2458, 2, 88, '2025-07-19 11:02:27', '2025-07-19 11:02:27'),
(2459, 2, 94, '2025-07-19 11:02:27', '2025-07-19 11:02:27'),
(2460, 2, 97, '2025-07-19 11:02:27', '2025-07-19 11:02:27'),
(2585, 1, 1, '2025-08-02 07:07:40', '2025-08-02 07:07:40'),
(2586, 1, 2, '2025-08-02 07:07:40', '2025-08-02 07:07:40'),
(2587, 1, 8, '2025-08-02 07:07:40', '2025-08-02 07:07:40'),
(2588, 1, 10, '2025-08-02 07:07:40', '2025-08-02 07:07:40'),
(2589, 1, 11, '2025-08-02 07:07:40', '2025-08-02 07:07:40'),
(2590, 1, 12, '2025-08-02 07:07:40', '2025-08-02 07:07:40'),
(2591, 1, 13, '2025-08-02 07:07:40', '2025-08-02 07:07:40'),
(2592, 1, 9, '2025-08-02 07:07:40', '2025-08-02 07:07:40'),
(2593, 1, 14, '2025-08-02 07:07:40', '2025-08-02 07:07:40'),
(2594, 1, 15, '2025-08-02 07:07:40', '2025-08-02 07:07:40'),
(2595, 1, 16, '2025-08-02 07:07:40', '2025-08-02 07:07:40'),
(2596, 1, 17, '2025-08-02 07:07:40', '2025-08-02 07:07:40'),
(2597, 1, 3, '2025-08-02 07:07:40', '2025-08-02 07:07:40'),
(2598, 1, 18, '2025-08-02 07:07:40', '2025-08-02 07:07:40'),
(2599, 1, 20, '2025-08-02 07:07:40', '2025-08-02 07:07:40'),
(2600, 1, 21, '2025-08-02 07:07:40', '2025-08-02 07:07:40'),
(2601, 1, 22, '2025-08-02 07:07:40', '2025-08-02 07:07:40'),
(2602, 1, 23, '2025-08-02 07:07:40', '2025-08-02 07:07:40'),
(2603, 1, 19, '2025-08-02 07:07:40', '2025-08-02 07:07:40'),
(2604, 1, 24, '2025-08-02 07:07:40', '2025-08-02 07:07:40'),
(2605, 1, 25, '2025-08-02 07:07:40', '2025-08-02 07:07:40'),
(2606, 1, 26, '2025-08-02 07:07:40', '2025-08-02 07:07:40'),
(2607, 1, 27, '2025-08-02 07:07:40', '2025-08-02 07:07:40'),
(2608, 1, 4, '2025-08-02 07:07:40', '2025-08-02 07:07:40'),
(2609, 1, 28, '2025-08-02 07:07:40', '2025-08-02 07:07:40'),
(2610, 1, 30, '2025-08-02 07:07:40', '2025-08-02 07:07:40'),
(2611, 1, 31, '2025-08-02 07:07:40', '2025-08-02 07:07:40'),
(2612, 1, 32, '2025-08-02 07:07:40', '2025-08-02 07:07:40'),
(2613, 1, 33, '2025-08-02 07:07:40', '2025-08-02 07:07:40'),
(2614, 1, 29, '2025-08-02 07:07:40', '2025-08-02 07:07:40'),
(2615, 1, 34, '2025-08-02 07:07:40', '2025-08-02 07:07:40'),
(2616, 1, 35, '2025-08-02 07:07:40', '2025-08-02 07:07:40'),
(2617, 1, 36, '2025-08-02 07:07:40', '2025-08-02 07:07:40'),
(2618, 1, 37, '2025-08-02 07:07:40', '2025-08-02 07:07:40'),
(2619, 1, 5, '2025-08-02 07:07:40', '2025-08-02 07:07:40'),
(2620, 1, 38, '2025-08-02 07:07:40', '2025-08-02 07:07:40'),
(2621, 1, 39, '2025-08-02 07:07:40', '2025-08-02 07:07:40'),
(2622, 1, 40, '2025-08-02 07:07:40', '2025-08-02 07:07:40'),
(2623, 1, 41, '2025-08-02 07:07:40', '2025-08-02 07:07:40'),
(2624, 1, 6, '2025-08-02 07:07:40', '2025-08-02 07:07:40'),
(2625, 1, 42, '2025-08-02 07:07:40', '2025-08-02 07:07:40'),
(2626, 1, 43, '2025-08-02 07:07:40', '2025-08-02 07:07:40'),
(2627, 1, 44, '2025-08-02 07:07:40', '2025-08-02 07:07:40'),
(2628, 1, 45, '2025-08-02 07:07:40', '2025-08-02 07:07:40'),
(2629, 1, 7, '2025-08-02 07:07:40', '2025-08-02 07:07:40'),
(2630, 1, 46, '2025-08-02 07:07:40', '2025-08-02 07:07:40'),
(2631, 1, 47, '2025-08-02 07:07:40', '2025-08-02 07:07:40'),
(2632, 1, 48, '2025-08-02 07:07:40', '2025-08-02 07:07:40'),
(2633, 1, 49, '2025-08-02 07:07:40', '2025-08-02 07:07:40'),
(2634, 1, 50, '2025-08-02 07:07:40', '2025-08-02 07:07:40'),
(2635, 1, 51, '2025-08-02 07:07:40', '2025-08-02 07:07:40'),
(2636, 1, 52, '2025-08-02 07:07:40', '2025-08-02 07:07:40'),
(2637, 1, 53, '2025-08-02 07:07:40', '2025-08-02 07:07:40'),
(2638, 1, 54, '2025-08-02 07:07:40', '2025-08-02 07:07:40'),
(2639, 1, 55, '2025-08-02 07:07:40', '2025-08-02 07:07:40'),
(2640, 1, 56, '2025-08-02 07:07:40', '2025-08-02 07:07:40'),
(2641, 1, 58, '2025-08-02 07:07:40', '2025-08-02 07:07:40'),
(2642, 1, 59, '2025-08-02 07:07:40', '2025-08-02 07:07:40'),
(2643, 1, 60, '2025-08-02 07:07:40', '2025-08-02 07:07:40'),
(2644, 1, 61, '2025-08-02 07:07:40', '2025-08-02 07:07:40'),
(2645, 1, 57, '2025-08-02 07:07:40', '2025-08-02 07:07:40'),
(2646, 1, 71, '2025-08-02 07:07:40', '2025-08-02 07:07:40'),
(2647, 1, 72, '2025-08-02 07:07:40', '2025-08-02 07:07:40'),
(2648, 1, 73, '2025-08-02 07:07:40', '2025-08-02 07:07:40'),
(2649, 1, 74, '2025-08-02 07:07:40', '2025-08-02 07:07:40'),
(2650, 1, 62, '2025-08-02 07:07:40', '2025-08-02 07:07:40'),
(2651, 1, 63, '2025-08-02 07:07:40', '2025-08-02 07:07:40'),
(2652, 1, 64, '2025-08-02 07:07:40', '2025-08-02 07:07:40'),
(2653, 1, 65, '2025-08-02 07:07:40', '2025-08-02 07:07:40'),
(2654, 1, 79, '2025-08-02 07:07:40', '2025-08-02 07:07:40'),
(2655, 1, 82, '2025-08-02 07:07:40', '2025-08-02 07:07:40'),
(2656, 1, 86, '2025-08-02 07:07:40', '2025-08-02 07:07:40'),
(2657, 1, 89, '2025-08-02 07:07:40', '2025-08-02 07:07:40'),
(2658, 1, 90, '2025-08-02 07:07:40', '2025-08-02 07:07:40'),
(2659, 1, 95, '2025-08-02 07:07:40', '2025-08-02 07:07:40'),
(2660, 1, 80, '2025-08-02 07:07:40', '2025-08-02 07:07:40'),
(2661, 1, 84, '2025-08-02 07:07:40', '2025-08-02 07:07:40'),
(2662, 1, 87, '2025-08-02 07:07:40', '2025-08-02 07:07:40'),
(2663, 1, 91, '2025-08-02 07:07:40', '2025-08-02 07:07:40'),
(2664, 1, 92, '2025-08-02 07:07:40', '2025-08-02 07:07:40'),
(2665, 1, 93, '2025-08-02 07:07:40', '2025-08-02 07:07:40'),
(2666, 1, 96, '2025-08-02 07:07:40', '2025-08-02 07:07:40'),
(2667, 1, 81, '2025-08-02 07:07:40', '2025-08-02 07:07:40'),
(2668, 1, 85, '2025-08-02 07:07:40', '2025-08-02 07:07:40'),
(2669, 1, 88, '2025-08-02 07:07:40', '2025-08-02 07:07:40'),
(2670, 1, 94, '2025-08-02 07:07:40', '2025-08-02 07:07:40'),
(2671, 1, 97, '2025-08-02 07:07:40', '2025-08-02 07:07:40'),
(2672, 1, 98, '2025-08-02 07:07:40', '2025-08-02 07:07:40');

-- --------------------------------------------------------

--
-- Table structure for table `sessions`
--

CREATE TABLE `sessions` (
  `id` varchar(255) NOT NULL,
  `user_id` bigint(20) UNSIGNED DEFAULT NULL,
  `ip_address` varchar(45) DEFAULT NULL,
  `user_agent` text DEFAULT NULL,
  `payload` longtext NOT NULL,
  `last_activity` int(11) NOT NULL
) ENGINE=InnoDB DEFAULT CHARSET=utf8mb4 COLLATE=utf8mb4_unicode_ci;

--
-- Dumping data for table `sessions`
--

INSERT INTO `sessions` (`id`, `user_id`, `ip_address`, `user_agent`, `payload`, `last_activity`) VALUES
('gyJezlWqVmkNkZcXCjhKfyC05jFOFyO2g97E1GQg', 1, '::1', 'Mozilla/5.0 (Windows NT 10.0; Win64; x64) AppleWebKit/537.36 (KHTML, like Gecko) Chrome/138.0.0.0 Safari/537.36', 'YTo2OntzOjY6Il90b2tlbiI7czo0MDoiMzZaNWt0YW43OHJLQ3lCSnZKYkcxUVBabDh4bm52S1oxbnpJa3VRdyI7czozOiJ1cmwiO2E6MDp7fXM6OToiX3ByZXZpb3VzIjthOjE6e3M6MzoidXJsIjtzOjY2OiJodHRwOi8vbG9jYWxob3N0L2luZG9pbXBsZXhsYXJhdmVsL3B1YmxpYy9tYXRlcmlhbC1zdG9jay1ib3BwLXJvbGwiO31zOjY6Il9mbGFzaCI7YToyOntzOjM6Im9sZCI7YTowOnt9czozOiJuZXciO2E6MDp7fX1zOjUwOiJsb2dpbl93ZWJfNTliYTM2YWRkYzJiMmY5NDAxNTgwZjAxNGM3ZjU4ZWE0ZTMwOTg5ZCI7aToxO3M6MTU6ImlzQXV0aGVudGljYXRlZCI7YjoxO30=', 1754231323);

-- --------------------------------------------------------

--
-- Table structure for table `shopping_inventory`
--

CREATE TABLE `shopping_inventory` (
  `id` int(11) NOT NULL,
  `bag_unique_code` varchar(50) NOT NULL,
  `bag_name` varchar(100) NOT NULL,
  `created_at` timestamp NULL DEFAULT NULL
) ENGINE=InnoDB DEFAULT CHARSET=utf8mb4 COLLATE=utf8mb4_general_ci;

--
-- Dumping data for table `shopping_inventory`
--

INSERT INTO `shopping_inventory` (`id`, `bag_unique_code`, `bag_name`, `created_at`) VALUES
(1, '00001', 'Testnew', '2022-03-10 06:40:03');

-- --------------------------------------------------------

--
-- Table structure for table `users`
--

CREATE TABLE `users` (
  `id` bigint(20) UNSIGNED NOT NULL,
  `dealers_id` bigint(20) UNSIGNED DEFAULT NULL,
  `name` varchar(255) NOT NULL,
  `phone` varchar(255) DEFAULT NULL,
  `email` varchar(255) DEFAULT NULL,
  `OTP` varchar(255) DEFAULT NULL,
  `is_primary` tinyint(1) NOT NULL DEFAULT 0,
  `email_verified_at` timestamp NULL DEFAULT NULL,
  `password` varchar(255) DEFAULT NULL,
  `api_token` varchar(80) DEFAULT NULL,
  `real_password` varchar(255) DEFAULT NULL,
  `remember_token` varchar(100) DEFAULT NULL,
  `created_at` timestamp NULL DEFAULT NULL,
  `updated_at` timestamp NULL DEFAULT NULL,
  `role_id` bigint(20) UNSIGNED DEFAULT NULL,
  `deleted_at` timestamp NULL DEFAULT NULL,
  `status` tinyint(1) NOT NULL DEFAULT 1,
  `fcm_token` varchar(255) DEFAULT NULL
) ENGINE=InnoDB DEFAULT CHARSET=utf8mb4 COLLATE=utf8mb4_unicode_ci;

--
-- Dumping data for table `users`
--

INSERT INTO `users` (`id`, `dealers_id`, `name`, `phone`, `email`, `OTP`, `is_primary`, `email_verified_at`, `password`, `api_token`, `real_password`, `remember_token`, `created_at`, `updated_at`, `role_id`, `deleted_at`, `status`, `fcm_token`) VALUES
(1, 30, 'admin', '9315907212', 'admin@gmail.com', '647705', 0, NULL, '$2y$10$AqoRYceRcbyS3w6NdAQkq.mmHhIctaqX6QzDxXg01XmVqJ2d/lHfq', NULL, '12345678', NULL, '2024-08-19 07:40:49', '2025-07-17 16:04:04', 1, NULL, 1, NULL),
(39, NULL, 'test 001', '9876543210', 'test@gmail.com', NULL, 0, NULL, '$2y$10$Mp7E/o87W2hKH04S7hQGm.399CgYlA5FI7FK2SPmDgi3egS/R45Yi', NULL, NULL, NULL, '2025-07-03 09:36:57', '2025-07-17 16:03:14', 1, NULL, 1, NULL),
(40, NULL, 'Designer', '', 'designer123@gmail.com', NULL, 0, NULL, '$2y$10$WB87y7VUOoM6xXXLoJL3j.EArrNvraj0YY7sFi97C9ewp9X2DTpn6', NULL, NULL, NULL, '2025-07-10 09:18:44', '2025-07-19 17:53:37', 2, NULL, 1, NULL);

--
-- Indexes for dumped tables
--

--
-- Indexes for table `bag_images`
--
ALTER TABLE `bag_images`
  ADD PRIMARY KEY (`id`);

--
-- Indexes for table `bag_sizes`
--
ALTER TABLE `bag_sizes`
  ADD PRIMARY KEY (`id`);

--
-- Indexes for table `bag_variants`
--
ALTER TABLE `bag_variants`
  ADD PRIMARY KEY (`id`);

--
-- Indexes for table `bopp`
--
ALTER TABLE `bopp`
  ADD PRIMARY KEY (`id`);

--
-- Indexes for table `bopp_category`
--
ALTER TABLE `bopp_category`
  ADD PRIMARY KEY (`id`);

--
-- Indexes for table `bopp_issue`
--
ALTER TABLE `bopp_issue`
  ADD PRIMARY KEY (`id`);

--
-- Indexes for table `bopp_rolls`
--
ALTER TABLE `bopp_rolls`
  ADD PRIMARY KEY (`id`);

--
-- Indexes for table `dispatch_details`
--
ALTER TABLE `dispatch_details`
  ADD PRIMARY KEY (`id`);

--
-- Indexes for table `dispatch_extra_detail`
--
ALTER TABLE `dispatch_extra_detail`
  ADD PRIMARY KEY (`id`);

--
-- Indexes for table `dispatch_roll_details`
--
ALTER TABLE `dispatch_roll_details`
  ADD PRIMARY KEY (`id`);

--
-- Indexes for table `grn_details`
--
ALTER TABLE `grn_details`
  ADD PRIMARY KEY (`id`);

--
-- Indexes for table `grn_indoimpex`
--
ALTER TABLE `grn_indoimpex`
  ADD PRIMARY KEY (`id`);

--
-- Indexes for table `grn_item_detail`
--
ALTER TABLE `grn_item_detail`
  ADD PRIMARY KEY (`id`);

--
-- Indexes for table `job_approve_image`
--
ALTER TABLE `job_approve_image`
  ADD PRIMARY KEY (`id`);

--
-- Indexes for table `job_bopp`
--
ALTER TABLE `job_bopp`
  ADD PRIMARY KEY (`id`);

--
-- Indexes for table `job_cut_wastage`
--
ALTER TABLE `job_cut_wastage`
  ADD PRIMARY KEY (`id`);

--
-- Indexes for table `job_cylinder`
--
ALTER TABLE `job_cylinder`
  ADD PRIMARY KEY (`id`);

--
-- Indexes for table `job_details`
--
ALTER TABLE `job_details`
  ADD PRIMARY KEY (`id`);

--
-- Indexes for table `job_fabric`
--
ALTER TABLE `job_fabric`
  ADD PRIMARY KEY (`id`);

--
-- Indexes for table `job_flexo_bopp`
--
ALTER TABLE `job_flexo_bopp`
  ADD PRIMARY KEY (`id`);

--
-- Indexes for table `job_handle`
--
ALTER TABLE `job_handle`
  ADD PRIMARY KEY (`id`);

--
-- Indexes for table `job_images`
--
ALTER TABLE `job_images`
  ADD PRIMARY KEY (`id`);

--
-- Indexes for table `job_kld_images`
--
ALTER TABLE `job_kld_images`
  ADD PRIMARY KEY (`id`);

--
-- Indexes for table `job_lamination`
--
ALTER TABLE `job_lamination`
  ADD PRIMARY KEY (`id`);

--
-- Indexes for table `job_metalised`
--
ALTER TABLE `job_metalised`
  ADD PRIMARY KEY (`id`);

--
-- Indexes for table `job_suppression_images`
--
ALTER TABLE `job_suppression_images`
  ADD PRIMARY KEY (`id`);

--
-- Indexes for table `job_type`
--
ALTER TABLE `job_type`
  ADD PRIMARY KEY (`id`);

--
-- Indexes for table `logs`
--
ALTER TABLE `logs`
  ADD PRIMARY KEY (`id`),
  ADD KEY `logs_user_id_foreign` (`user_id`);

--
-- Indexes for table `main_admin`
--
ALTER TABLE `main_admin`
  ADD PRIMARY KEY (`id`);

--
-- Indexes for table `master_bopp`
--
ALTER TABLE `master_bopp`
  ADD PRIMARY KEY (`id`);

--
-- Indexes for table `master_job`
--
ALTER TABLE `master_job`
  ADD PRIMARY KEY (`id`);

--
-- Indexes for table `master_job_name`
--
ALTER TABLE `master_job_name`
  ADD PRIMARY KEY (`id`);

--
-- Indexes for table `master_non`
--
ALTER TABLE `master_non`
  ADD PRIMARY KEY (`id`);

--
-- Indexes for table `master_party`
--
ALTER TABLE `master_party`
  ADD PRIMARY KEY (`id`);

--
-- Indexes for table `master_pp`
--
ALTER TABLE `master_pp`
  ADD PRIMARY KEY (`id`);

--
-- Indexes for table `master_variants`
--
ALTER TABLE `master_variants`
  ADD PRIMARY KEY (`id`);

--
-- Indexes for table `migrations`
--
ALTER TABLE `migrations`
  ADD PRIMARY KEY (`id`);

--
-- Indexes for table `modules`
--
ALTER TABLE `modules`
  ADD PRIMARY KEY (`id`);

--
-- Indexes for table `new_production_report`
--
ALTER TABLE `new_production_report`
  ADD PRIMARY KEY (`id`);

--
-- Indexes for table `non_issue`
--
ALTER TABLE `non_issue`
  ADD PRIMARY KEY (`id`);

--
-- Indexes for table `non_woven`
--
ALTER TABLE `non_woven`
  ADD PRIMARY KEY (`id`);

--
-- Indexes for table `non_woven_category`
--
ALTER TABLE `non_woven_category`
  ADD PRIMARY KEY (`id`);

--
-- Indexes for table `non_woven_rolls`
--
ALTER TABLE `non_woven_rolls`
  ADD PRIMARY KEY (`id`);

--
-- Indexes for table `order_book`
--
ALTER TABLE `order_book`
  ADD PRIMARY KEY (`id`);

--
-- Indexes for table `permissions`
--
ALTER TABLE `permissions`
  ADD PRIMARY KEY (`id`),
  ADD UNIQUE KEY `slug` (`slug`),
  ADD UNIQUE KEY `slug_2` (`slug`);

--
-- Indexes for table `permission_category`
--
ALTER TABLE `permission_category`
  ADD PRIMARY KEY (`id`);

--
-- Indexes for table `permission_group`
--
ALTER TABLE `permission_group`
  ADD PRIMARY KEY (`id`);

--
-- Indexes for table `personal_access_tokens`
--
ALTER TABLE `personal_access_tokens`
  ADD PRIMARY KEY (`id`),
  ADD UNIQUE KEY `personal_access_tokens_token_unique` (`token`),
  ADD KEY `personal_access_tokens_tokenable_type_tokenable_id_index` (`tokenable_type`,`tokenable_id`);

--
-- Indexes for table `pp_issue`
--
ALTER TABLE `pp_issue`
  ADD PRIMARY KEY (`id`);

--
-- Indexes for table `pp_rates`
--
ALTER TABLE `pp_rates`
  ADD PRIMARY KEY (`id`);

--
-- Indexes for table `pp_woven`
--
ALTER TABLE `pp_woven`
  ADD PRIMARY KEY (`id`);

--
-- Indexes for table `pp_woven_category`
--
ALTER TABLE `pp_woven_category`
  ADD PRIMARY KEY (`id`);

--
-- Indexes for table `pp_woven_rolls`
--
ALTER TABLE `pp_woven_rolls`
  ADD PRIMARY KEY (`id`);

--
-- Indexes for table `production_detail`
--
ALTER TABLE `production_detail`
  ADD PRIMARY KEY (`id`);

--
-- Indexes for table `production_dispatch`
--
ALTER TABLE `production_dispatch`
  ADD PRIMARY KEY (`id`);

--
-- Indexes for table `production_dispatch_detail`
--
ALTER TABLE `production_dispatch_detail`
  ADD PRIMARY KEY (`id`);

--
-- Indexes for table `production_order`
--
ALTER TABLE `production_order`
  ADD PRIMARY KEY (`id`);

--
-- Indexes for table `production_report`
--
ALTER TABLE `production_report`
  ADD PRIMARY KEY (`id`);

--
-- Indexes for table `purchase_book`
--
ALTER TABLE `purchase_book`
  ADD PRIMARY KEY (`id`);

--
-- Indexes for table `purchase_book_detail`
--
ALTER TABLE `purchase_book_detail`
  ADD PRIMARY KEY (`id`),
  ADD KEY `purchase_book_id` (`purchase_book_id`);

--
-- Indexes for table `roles`
--
ALTER TABLE `roles`
  ADD PRIMARY KEY (`id`);

--
-- Indexes for table `role_permissions`
--
ALTER TABLE `role_permissions`
  ADD PRIMARY KEY (`id`);

--
-- Indexes for table `sessions`
--
ALTER TABLE `sessions`
  ADD PRIMARY KEY (`id`),
  ADD KEY `sessions_user_id_index` (`user_id`),
  ADD KEY `sessions_last_activity_index` (`last_activity`);

--
-- Indexes for table `shopping_inventory`
--
ALTER TABLE `shopping_inventory`
  ADD PRIMARY KEY (`id`);

--
-- Indexes for table `users`
--
ALTER TABLE `users`
  ADD PRIMARY KEY (`id`),
  ADD UNIQUE KEY `users_email_unique` (`email`),
  ADD UNIQUE KEY `users_api_token_unique` (`api_token`),
  ADD KEY `users_role_id_foreign` (`role_id`),
  ADD KEY `users_dealers_id_foreign` (`dealers_id`);

--
-- AUTO_INCREMENT for dumped tables
--

--
-- AUTO_INCREMENT for table `bag_images`
--
ALTER TABLE `bag_images`
  MODIFY `id` int(11) NOT NULL AUTO_INCREMENT, AUTO_INCREMENT=12;

--
-- AUTO_INCREMENT for table `bag_sizes`
--
ALTER TABLE `bag_sizes`
  MODIFY `id` int(11) NOT NULL AUTO_INCREMENT, AUTO_INCREMENT=4;

--
-- AUTO_INCREMENT for table `bag_variants`
--
ALTER TABLE `bag_variants`
  MODIFY `id` int(11) NOT NULL AUTO_INCREMENT, AUTO_INCREMENT=6;

--
-- AUTO_INCREMENT for table `bopp`
--
ALTER TABLE `bopp`
  MODIFY `id` int(11) NOT NULL AUTO_INCREMENT, AUTO_INCREMENT=103;

--
-- AUTO_INCREMENT for table `bopp_category`
--
ALTER TABLE `bopp_category`
  MODIFY `id` int(11) NOT NULL AUTO_INCREMENT, AUTO_INCREMENT=11;

--
-- AUTO_INCREMENT for table `bopp_issue`
--
ALTER TABLE `bopp_issue`
  MODIFY `id` int(11) NOT NULL AUTO_INCREMENT, AUTO_INCREMENT=3;

--
-- AUTO_INCREMENT for table `bopp_rolls`
--
ALTER TABLE `bopp_rolls`
  MODIFY `id` int(11) NOT NULL AUTO_INCREMENT, AUTO_INCREMENT=104;

--
-- AUTO_INCREMENT for table `dispatch_details`
--
ALTER TABLE `dispatch_details`
  MODIFY `id` int(11) NOT NULL AUTO_INCREMENT, AUTO_INCREMENT=27;

--
-- AUTO_INCREMENT for table `dispatch_extra_detail`
--
ALTER TABLE `dispatch_extra_detail`
  MODIFY `id` int(11) NOT NULL AUTO_INCREMENT, AUTO_INCREMENT=75;

--
-- AUTO_INCREMENT for table `dispatch_roll_details`
--
ALTER TABLE `dispatch_roll_details`
  MODIFY `id` int(11) NOT NULL AUTO_INCREMENT, AUTO_INCREMENT=30;

--
-- AUTO_INCREMENT for table `grn_details`
--
ALTER TABLE `grn_details`
  MODIFY `id` int(11) NOT NULL AUTO_INCREMENT, AUTO_INCREMENT=3;

--
-- AUTO_INCREMENT for table `grn_indoimpex`
--
ALTER TABLE `grn_indoimpex`
  MODIFY `id` int(11) NOT NULL AUTO_INCREMENT, AUTO_INCREMENT=3;

--
-- AUTO_INCREMENT for table `grn_item_detail`
--
ALTER TABLE `grn_item_detail`
  MODIFY `id` int(11) NOT NULL AUTO_INCREMENT, AUTO_INCREMENT=3;

--
-- AUTO_INCREMENT for table `job_approve_image`
--
ALTER TABLE `job_approve_image`
  MODIFY `id` int(11) NOT NULL AUTO_INCREMENT, AUTO_INCREMENT=13;

--
-- AUTO_INCREMENT for table `job_bopp`
--
ALTER TABLE `job_bopp`
  MODIFY `id` int(11) NOT NULL AUTO_INCREMENT, AUTO_INCREMENT=65;

--
-- AUTO_INCREMENT for table `job_cut_wastage`
--
ALTER TABLE `job_cut_wastage`
  MODIFY `id` int(11) NOT NULL AUTO_INCREMENT, AUTO_INCREMENT=6;

--
-- AUTO_INCREMENT for table `job_cylinder`
--
ALTER TABLE `job_cylinder`
  MODIFY `id` int(11) NOT NULL AUTO_INCREMENT, AUTO_INCREMENT=115;

--
-- AUTO_INCREMENT for table `job_details`
--
ALTER TABLE `job_details`
  MODIFY `id` int(11) NOT NULL AUTO_INCREMENT, AUTO_INCREMENT=129;

--
-- AUTO_INCREMENT for table `job_fabric`
--
ALTER TABLE `job_fabric`
  MODIFY `id` int(11) NOT NULL AUTO_INCREMENT, AUTO_INCREMENT=104;

--
-- AUTO_INCREMENT for table `job_flexo_bopp`
--
ALTER TABLE `job_flexo_bopp`
  MODIFY `id` int(11) NOT NULL AUTO_INCREMENT, AUTO_INCREMENT=13;

--
-- AUTO_INCREMENT for table `job_handle`
--
ALTER TABLE `job_handle`
  MODIFY `id` int(11) NOT NULL AUTO_INCREMENT, AUTO_INCREMENT=59;

--
-- AUTO_INCREMENT for table `job_images`
--
ALTER TABLE `job_images`
  MODIFY `id` int(11) NOT NULL AUTO_INCREMENT, AUTO_INCREMENT=69;

--
-- AUTO_INCREMENT for table `job_kld_images`
--
ALTER TABLE `job_kld_images`
  MODIFY `id` int(11) NOT NULL AUTO_INCREMENT, AUTO_INCREMENT=107;

--
-- AUTO_INCREMENT for table `job_lamination`
--
ALTER TABLE `job_lamination`
  MODIFY `id` int(11) NOT NULL AUTO_INCREMENT, AUTO_INCREMENT=112;

--
-- AUTO_INCREMENT for table `job_metalised`
--
ALTER TABLE `job_metalised`
  MODIFY `id` int(11) NOT NULL AUTO_INCREMENT, AUTO_INCREMENT=15;

--
-- AUTO_INCREMENT for table `job_suppression_images`
--
ALTER TABLE `job_suppression_images`
  MODIFY `id` int(11) NOT NULL AUTO_INCREMENT;

--
-- AUTO_INCREMENT for table `job_type`
--
ALTER TABLE `job_type`
  MODIFY `id` int(11) NOT NULL AUTO_INCREMENT;

--
-- AUTO_INCREMENT for table `logs`
--
ALTER TABLE `logs`
  MODIFY `id` bigint(20) UNSIGNED NOT NULL AUTO_INCREMENT, AUTO_INCREMENT=43;

--
-- AUTO_INCREMENT for table `main_admin`
--
ALTER TABLE `main_admin`
  MODIFY `id` int(11) NOT NULL AUTO_INCREMENT, AUTO_INCREMENT=13;

--
-- AUTO_INCREMENT for table `master_bopp`
--
ALTER TABLE `master_bopp`
  MODIFY `id` int(11) NOT NULL AUTO_INCREMENT, AUTO_INCREMENT=125;

--
-- AUTO_INCREMENT for table `master_job`
--
ALTER TABLE `master_job`
  MODIFY `id` int(11) NOT NULL AUTO_INCREMENT, AUTO_INCREMENT=7;

--
-- AUTO_INCREMENT for table `master_job_name`
--
ALTER TABLE `master_job_name`
  MODIFY `id` int(11) NOT NULL AUTO_INCREMENT, AUTO_INCREMENT=129;

--
-- AUTO_INCREMENT for table `master_non`
--
ALTER TABLE `master_non`
  MODIFY `id` int(11) NOT NULL AUTO_INCREMENT, AUTO_INCREMENT=146;

--
-- AUTO_INCREMENT for table `master_party`
--
ALTER TABLE `master_party`
  MODIFY `id` int(11) NOT NULL AUTO_INCREMENT, AUTO_INCREMENT=34;

--
-- AUTO_INCREMENT for table `master_pp`
--
ALTER TABLE `master_pp`
  MODIFY `id` int(11) NOT NULL AUTO_INCREMENT, AUTO_INCREMENT=85;

--
-- AUTO_INCREMENT for table `master_variants`
--
ALTER TABLE `master_variants`
  MODIFY `id` int(11) NOT NULL AUTO_INCREMENT, AUTO_INCREMENT=15;

--
-- AUTO_INCREMENT for table `migrations`
--
ALTER TABLE `migrations`
  MODIFY `id` int(10) UNSIGNED NOT NULL AUTO_INCREMENT, AUTO_INCREMENT=4;

--
-- AUTO_INCREMENT for table `modules`
--
ALTER TABLE `modules`
  MODIFY `id` int(11) NOT NULL AUTO_INCREMENT, AUTO_INCREMENT=12;

--
-- AUTO_INCREMENT for table `new_production_report`
--
ALTER TABLE `new_production_report`
  MODIFY `id` int(11) NOT NULL AUTO_INCREMENT, AUTO_INCREMENT=6;

--
-- AUTO_INCREMENT for table `non_issue`
--
ALTER TABLE `non_issue`
  MODIFY `id` int(11) NOT NULL AUTO_INCREMENT;

--
-- AUTO_INCREMENT for table `non_woven`
--
ALTER TABLE `non_woven`
  MODIFY `id` int(11) NOT NULL AUTO_INCREMENT, AUTO_INCREMENT=2;

--
-- AUTO_INCREMENT for table `non_woven_category`
--
ALTER TABLE `non_woven_category`
  MODIFY `id` int(11) NOT NULL AUTO_INCREMENT, AUTO_INCREMENT=7;

--
-- AUTO_INCREMENT for table `non_woven_rolls`
--
ALTER TABLE `non_woven_rolls`
  MODIFY `id` int(11) NOT NULL AUTO_INCREMENT;

--
-- AUTO_INCREMENT for table `order_book`
--
ALTER TABLE `order_book`
  MODIFY `id` int(11) NOT NULL AUTO_INCREMENT, AUTO_INCREMENT=6;

--
-- AUTO_INCREMENT for table `permissions`
--
ALTER TABLE `permissions`
  MODIFY `id` int(11) NOT NULL AUTO_INCREMENT, AUTO_INCREMENT=99;

--
-- AUTO_INCREMENT for table `permission_category`
--
ALTER TABLE `permission_category`
  MODIFY `id` int(10) UNSIGNED NOT NULL AUTO_INCREMENT, AUTO_INCREMENT=28;

--
-- AUTO_INCREMENT for table `permission_group`
--
ALTER TABLE `permission_group`
  MODIFY `id` int(11) NOT NULL AUTO_INCREMENT, AUTO_INCREMENT=13;

--
-- AUTO_INCREMENT for table `personal_access_tokens`
--
ALTER TABLE `personal_access_tokens`
  MODIFY `id` bigint(20) UNSIGNED NOT NULL AUTO_INCREMENT;

--
-- AUTO_INCREMENT for table `pp_issue`
--
ALTER TABLE `pp_issue`
  MODIFY `id` int(11) NOT NULL AUTO_INCREMENT;

--
-- AUTO_INCREMENT for table `pp_rates`
--
ALTER TABLE `pp_rates`
  MODIFY `id` int(11) NOT NULL AUTO_INCREMENT, AUTO_INCREMENT=2;

--
-- AUTO_INCREMENT for table `pp_woven`
--
ALTER TABLE `pp_woven`
  MODIFY `id` int(11) NOT NULL AUTO_INCREMENT;

--
-- AUTO_INCREMENT for table `pp_woven_category`
--
ALTER TABLE `pp_woven_category`
  MODIFY `id` int(11) NOT NULL AUTO_INCREMENT, AUTO_INCREMENT=5;

--
-- AUTO_INCREMENT for table `pp_woven_rolls`
--
ALTER TABLE `pp_woven_rolls`
  MODIFY `id` int(11) NOT NULL AUTO_INCREMENT;

--
-- AUTO_INCREMENT for table `production_detail`
--
ALTER TABLE `production_detail`
  MODIFY `id` int(11) NOT NULL AUTO_INCREMENT, AUTO_INCREMENT=3;

--
-- AUTO_INCREMENT for table `production_dispatch`
--
ALTER TABLE `production_dispatch`
  MODIFY `id` int(11) NOT NULL AUTO_INCREMENT, AUTO_INCREMENT=9;

--
-- AUTO_INCREMENT for table `production_dispatch_detail`
--
ALTER TABLE `production_dispatch_detail`
  MODIFY `id` int(11) NOT NULL AUTO_INCREMENT, AUTO_INCREMENT=3;

--
-- AUTO_INCREMENT for table `production_order`
--
ALTER TABLE `production_order`
  MODIFY `id` int(11) NOT NULL AUTO_INCREMENT, AUTO_INCREMENT=3;

--
-- AUTO_INCREMENT for table `production_report`
--
ALTER TABLE `production_report`
  MODIFY `id` int(11) NOT NULL AUTO_INCREMENT, AUTO_INCREMENT=3;

--
-- AUTO_INCREMENT for table `purchase_book`
--
ALTER TABLE `purchase_book`
  MODIFY `id` int(11) NOT NULL AUTO_INCREMENT, AUTO_INCREMENT=29;

--
-- AUTO_INCREMENT for table `purchase_book_detail`
--
ALTER TABLE `purchase_book_detail`
  MODIFY `id` int(11) NOT NULL AUTO_INCREMENT, AUTO_INCREMENT=36;

--
-- AUTO_INCREMENT for table `roles`
--
ALTER TABLE `roles`
  MODIFY `id` int(10) UNSIGNED NOT NULL AUTO_INCREMENT, AUTO_INCREMENT=12;

--
-- AUTO_INCREMENT for table `role_permissions`
--
ALTER TABLE `role_permissions`
  MODIFY `id` int(11) NOT NULL AUTO_INCREMENT, AUTO_INCREMENT=2673;

--
-- AUTO_INCREMENT for table `shopping_inventory`
--
ALTER TABLE `shopping_inventory`
  MODIFY `id` int(11) NOT NULL AUTO_INCREMENT, AUTO_INCREMENT=2;

--
-- AUTO_INCREMENT for table `users`
--
ALTER TABLE `users`
  MODIFY `id` bigint(20) UNSIGNED NOT NULL AUTO_INCREMENT, AUTO_INCREMENT=41;

--
-- Constraints for dumped tables
--

--
-- Constraints for table `logs`
--
ALTER TABLE `logs`
  ADD CONSTRAINT `logs_user_id_foreign` FOREIGN KEY (`user_id`) REFERENCES `users` (`id`) ON DELETE SET NULL;

--
-- Constraints for table `purchase_book_detail`
--
ALTER TABLE `purchase_book_detail`
  ADD CONSTRAINT `purchase_book_detail_ibfk_1` FOREIGN KEY (`purchase_book_id`) REFERENCES `purchase_book` (`id`) ON DELETE CASCADE;
COMMIT;

/*!40101 SET CHARACTER_SET_CLIENT=@OLD_CHARACTER_SET_CLIENT */;
/*!40101 SET CHARACTER_SET_RESULTS=@OLD_CHARACTER_SET_RESULTS */;
/*!40101 SET COLLATION_CONNECTION=@OLD_COLLATION_CONNECTION */;
